ID,Vec
1,"['违规', '处置', '现场']"
2,"['挂靠', '疏于', '安全管理']"
3,"['所', '运载', '部门', '证实']"
4,"['没有', '履行', '职责']"
5,"['及时', '纠正', '车主', '使用', '超载', '行为']"
6,"['还', '发现', '押运员', '缺乏', '工作', '资质']"
7,"['没有', '参加']"
8,"['不具备', '押运', '资质']"
9,"['也', '不具备', '危险', '处置', '能力']"
10,"['进厂', '出厂']"
11,"['气密性', '试验', '安全管理制度', '不完善']"
12,['不够']
13,"['及时', '维修', '更换']"
14,"['安全意识', '不够']"
15,"['没', '补充', '修订']"
16,"['违规', '疲劳', '驾驶']"
17,"['有关', '规定']"
18,"['没', '进行', '知识', '培训']"
19,"['培训', '不到位']"
20,"['违反规定', '混装', '货物']"
21,"['车辆', '没有', '运输', '资质']"
22,"['司机', '没有', '运输', '上岗证']"
23,"['单位', '没有', '按规定', '办理', '经营', '许可证']"
24,"['危险', '化学品']"
25,"['单位', '没有', '经营', '资格', '进行', '审查']"
26,"['没有', '进行', '检查和', '监督']"
27,"['驾驶员', '处理', '紧急情况', '不当']"
28,"['企业', '不重视', '驾驶人员', '安全', '培训']"
29,"['重视', '提高']"
30,"['违反', '运输', '规定']"
31,"['途中', '换人']"
32,"['检查', '制度']"
33,"['严禁', '搭乘', '无关', '人员']"
34,"['同车', '装载']"
35,"['接班', '车辆', '驶入', '车道', '内后']"
36,"['涉事', '存在', '失察']"
37,"['未能', '督促', '、', '押运员', '正确', '履行', '规定', '处置', '职责']"
38,"['未发现', '消除', '车辆', '安全隐患']"
39,"['涉事', '公司', '存在', '挂靠', '行为']"
40,"['购买', '非']"
41,"['办理', '经营', '手续', '返租']"
42,"['签订', '租赁', '合同']"
43,"['出租', '给', '安全生产', '条件', '个人']"
44,"['从事', '危险', '货物运输']"
45,['属地']
46,"['未发现', '公司', '存在', '问题']"
47,"['班长', '违反', '化工部', '颁发', '有关', '规定']"
48,"['所', '选用', '管径', '不合格']"
49,"['使用', '胶管', '进行', '作业时', '未安装', '接地装置']"
50,"['也', '未给', '铝', '连接', '管']"
51,"['无人', '管理', '无人过问']"
52,"['形成', '习惯性违章']"
53,"['下部', '按规定', '砂', '填实']"
54,"['事故', '发生', '仍然', '没有', '按规定', '整改']"
55,"['事故', '发生', '留下', '隐患']"
56,"['严重', '失职']"
57,['不清楚']
58,['不知道']
59,['不以为然']
60,"['说明', '培训', '不到位']"
61,"['规章制度', '不完善']"
62,"['安全管理体系', '不健全']"
63,"['运送', '危险物品', '不了解']"
64,"['发生', '如何', '正确处理']"
65,"['宣传教育', '不到位']"
66,"['使用', '来历不明']"
67,"['资料', '不全']"
68,"['无', '证明书']"
69,"['无视', '无照', '开车']"
70,"['应急', '措施']"
71,"['上', '存在', '和', '问题']"
72,"['非', '情况下', '驾驶', '公车']"
73,"['缺乏', '知识']"
74,"['工作', '不到位']"
75,"['未按规定', '配备', '抢救', '器材']"
76,"['安全教育', '不够']"
77,"['卸酸工', '未按规定', '防护', '面罩']"
78,"['管理工作', '存在', '差距']"
79,"['安全教育', '有待', '加强']"
80,"['素质', '差']"
81,"['未', '经过', '岗前培训']"
82,"['缺乏', '安全意识']"
83,"['后', '采用', '措施', '不当']"
84,"['在', '回收', '溢油', '器具']"
85,"['严重', '违反', '加油站', '管理制度']"
86,"['车辆', '不符合', '和', '标准']"
87,"['从事', '部门', '检测']"
88,"['无', '运输', '证']"
89,"['未按', '要求', '悬挂', '运输', '标志']"
90,"['着', '有章不循']"
91,['违章蛮干']
92,"['人员', '置若罔闻']"
93,['有章不循']
94,"['随意', '操作']"
95,"['后', '未将', '罐盖', '盖']"
96,"['拧紧', '未使用', '专用工具']"
97,"['专用线', '交接', '环境', '存在', '漏洞']"
98,"['未发现', '存在', '隐患']"
99,"['厂', '返回', '钢瓶']"
100,"['用户', '单位']"
101,"['对', '运输', '液氯', '钢瓶']"
102,"['电器厂', '运送', '雷管', '车', '司机', '无', '道路', '货物运输', '操作证']"
103,"['箱子', '装载', '高度', '违反', '运输', '规定']"
104,"['违章', '搭乘', '无关', '人员']"
105,"['违反', '人烟稠密']"
106,"['应', '事先', '通知', '规章', '行为']"
107,"['双方', '违反', '器材', '管理条例']"
108,"['私订', '供需', '合同']"
109,"['公安部门', '审批', '运输', '要求']"
110,"['更改', '运送', '数量']"
111,"['管理工作', '薄弱']"
112,"['驾驶人员', '无', '运输', '操作证']"
113,"['装运', '违反', '国家', '规定']"
114,"['一系列', '疏于', '管理', '规章', '行为']"
115,"['导致', '事故', '发生']"
116,"['公安部门', '在', '批准']"
117,['未能']
118,"['使', '非法']"
119,['证上']
120,"['机关', '同意']"
121,"['延长', '证', '有效期']"
122,"['都', '不符合规定']"
123,"['有毒', '警示标志']"
124,"['司机', '无', '化学品', '资质']"
125,"['搬运工', '缺乏', '安全', '知识']"
126,"['施救', '均', '漠视']"
127,"['不仅', '缺乏', '安全管理', '知识']"
128,"['更置', '不顾']"
129,"['进行', '分装']"
130,"['务工人员', '进行', '防护', '知识', '培训', '不够']"
131,"['意识', '有待', '加强']"
132,"['罐车', '未按照', '有关', '规定', '进行', '定期检验']"
133,"['接地线', '不符合', '防静电', '标准']"
134,"['警惕性', '不够']"
135,"['未', '掌握', '应急', '措施']"
136,"['责任心', '不够']"
137,"['员袁某', '违反', '有关', '规定']"
138,"['车速', '过快']"
139,"['遇', '有', '情况', '处理不当']"
140,"['教育', '不到位']"
141,"['监管', '不到位']"
142,"['及时', '制止', '不安全', '行为']"
143,"['陈某', '违反', '管理条例', '有关', '规定']"
144,"['没有', '保持', '安全', '距离']"
145,"['注意力', '不够', '集中']"
146,"['超载', '运输']"
147,"['未能', '采取有效', '防治', '措施']"
148,"['工作', '落实', '不到位']"
149,"['未严格', '落实', '相关', '要求']"
150,"['驾驶人员', '安全意识淡薄', '问题']"
151,"['存在', '和', '漏洞']"
152,"['联动机制', '不完善']"
153,"['主体责任', '不落实', '管控', '不严格']"
154,"['企业', '未对', '从业人员', '进行', '进行', '进行', '和', '未按规定']"
155,"['没有', '获得', '运输', '资格', '车辆']"
156,"['办理', '准运证']"
157,"['包装', '不合规定']"
158,"['没有', '及时', '了解', '、', '身体状况']"
159,"['安全教育', '不到位']"
160,"['安全意识', '不到位']"
161,"['危险物品', '委托', '不具备', '危险物品']"
162,"['危险物品', '资质']"
163,"['没有', '危险物品', '警示标志']"
164,"['从事', '运输']"
165,"['公司', '作为', '组建', '单位']"
166,"['上', '建立健全', '安全管理制度']"
167,"['事实上', '照搬', '照抄', '比较', '多']"
168,"['真正', '落实', '到位', '不够']"
169,"['驾驶员', '驾车', '问题', '普遍存在']"
170,"['没有', '认识', '其', '危害性']"
171,"['工作', '存在', '薄弱环节']"
172,['情况下']
173,"['忽视', '安全管理', '教育']"
174,"['使', '没有']"
175,"['大队', '没有', '要求']"
176,"['定期', '进行', '分析']"
177,"['有', '制订', '监控', '措施']"
178,"['形式', '单一']"
179,"['早晨', '出车', '活动', '流于形式']"
180,"['违章行为', '不严', '不细']"
181,"['不够', '全面']"
182,"['注意力', '往往', '集中']"
183,"['忽略', '纠正', '安全教育']"
184,"['有限公司', '存在', '严重', '违法违规行为']"
185,"['经营', '只', '挂靠', '不管理']"
186,"['范围', '不清']"
187,"['在', '获得', '技术', '说明书']"
188,"['未', '了解', '安全', '信息']"
189,"['未', '核实', '车辆', '不具备']"
190,"['超', '违规', '装载']"
191,"['安全管理', '缺失']"
192,"['安全教育培训', '流于形式']"
193,"['未对', '针对性', '安全教育培训']"
194,"['说明书', '中用', '聚乙烯', '桶']"
195,"['过氧化', '二叔', '运输', '条件', '要求']"
196,"['对', '进入']"
197,"['车辆', '运输', '审核', '程序', '要求']"
198,"['未检查', '蒸罐', '清洗']"
199,"['罐车', '充装', '过氧化', '二叔', '丁基']"
200,"['违规', '托运']"
201,"['均', '无', '经营', '资质']"
202,"['多次', '违规将', '该', '产品', '购买']"
203,"['多次', '委托', '不具备']"
204,"['未签订', '承运', '合同']"
205,"['说明书', '要求', '采用', '桶', '包装']"
206,"['未将', '二叔', '处置', '措施']"
207,"['委托', '未认真', '审核', '运输', '条件']"
208,"['原料', '购进']"
209,"['未按照', '危险', '化学品']"
210,"['进行', '预审']"
211,"['从', '没有', '购买', '该', '产品']"
212,"['未签订', '采购', '合同']"
213,"['以', '购买', '改进', '剂', '为']"
214,"['技术', '说明书']"
215,"['管理', '失控']"
216,"['承包商', '管理混乱']"
217,"['丁基', '给', '利华益', '公司']"
218,"['人员', '未对', '该', '违规行为', '进行', '提醒']"
219,"['履行', '安全监管职责', '不力']"
220,"['组织', '开展', '工作', '不力']"
221,"['检查', '不到位']"
222,"['生产', '安全监管', '不到位']"
223,"['查验', '检查', '不力']"
224,"['安全监管责任', '落实', '不到位']"
225,"['开展', '督促', '指导', '不力']"
226,"['责任', '落实', '不到位']"
227,"['配备', '不力']"
228,"['不能', '满足', '管理', '要求']"
229,"['组织', '开展', '大快', '严', '工作', '不力']"
230,"['督促', '开展', '交通运输', '安全管理']"
231,"['督促', '危化品', '生产', '企业', '资质审查']"
232,['安全监管不力']
233,"['未认真履行', '企业', '安全监管职责']"
234,"['督促', '落实', '安全生产', '主体责任']"
235,"['政府', '贯彻落实', '安排']"
236,"['组织', '开展', '工作', '不认真']"
237,"['督促', '落实', '部门', '落实', '监管', '责任']"
238,"['主体责任', '落实', '不到位']"
239,"['对', '安全教育', '不力']"
240,"['未严格', '落实', '于次', '规定']"
241,"['危险', '货物', '、', '押运员', '进行', '和', '培训']"
242,"['危险', '货物', '人', '不具备', '应急', '知识']"
243,"['致使', '危险', '货物']"
244,"['强行', '打开', '罐体', '顶部', '紧急', '泄放']"
245,"['危险', '货物', '安全管理', '不到位']"
246,"['未及时发现', '并', '治理']"
247,"['应急预案', '演练']"
248,"['事故', '前']"
249,"['月', '进行', '应急预案', '演练']"
250,['蒙']
251,"['未采取有效', '应急', '措施']"
252,"['从业人员', '不具备', '处置', '能力']"
253,"['事发', '驾驶', '人于', '油气', '喷出']"
254,"['外部', '存在', '情况下']"
255,"['启动', '导致', '火灾']"
256,"['未完全', '履行', '安全生产', '主体责任']"
257,"['一是', '落实', '隐患排查治理', '制度']"
258,"['运输车', '在', '达不到', '安全', '条件', '区域']"
259,"['擅自', '打开', '隐患', '未及时发现']"
260,"['单位', '存在', '风险', '制定', '处置', '方案']"
261,"['并', '落实', '培训', '制度']"
262,"['如实', '记录', '考核', '结果']"
263,"['员工', '进行', '和', '培训']"
264,"['单位', '履行', '监管', '职责', '不到位']"
265,"['措施', '落实', '不到位']"
266,"['办公室', '落实', '部署', '不力']"
267,"['未采取有效措施', '督促', '停车场', '完善', '相关', '规章制度']"
268,"['事故', '发生', '时']"
269,"['安全生产', '制度']"
270,"['未', '有效履行职责']"
271,"['未', '监督', '指导', '及其', '坤德停车场']"
272,['在']
273,"['未发现', '存在']"
274,"['中', '发现', '未有效', '协调', '部门', '单位']"
275,"['东营港经济开发区管委会', '履行', '责任', '不力']"
276,"['进行', '日常', '监管']"
277,"['缺少', '有', '管控', '措施']"
278,"['检查', '不力']"
279,"['主体责任', '不落实']"
280,"['商丘市金源物流有限公司', '对豫', '管理', '不到位']"
281,"['未及时', '排查', '消除', '安全隐患']"
282,"['管理', '责任']"
283,['阜南县春蕾物流运输有限公司']
284,"['驾驶', '极其', '薄弱']"
285,"['未', '入户', '道路', '运输']"
286,"['商丘市', '负有', '监管', '职责', '部门', '对豫', '监管', '不到位']"
287,['阜南县运管所']
288,"['牵引车', '无', '号牌', '拼装', '监管', '不到位']"
289,['颍上县交通管理大队']
290,['安排']
291,"['违法违规行为', '管控不力']"
292,"['臵', '不力']"
293,"['发生', '管理', '责任']"
294,['颍上县公安局']
295,"['履行', '职责', '不到位', '问题', '失察']"
296,"['事故', '发生', '负有', '领导责任']"
297,['颍上县住房和城乡建设局']
298,"['穿越', '缺乏', '科学', '研判']"
299,"['设', '臵', '建设', '公路交通', '信号灯']"
300,"['信号灯', '存在', '臵', '不力']"
301,['颍上县人民政府']
302,"['未认真', '督促', '指导', '和', '单位']"
303,"['认真', '履行', '一期', '变更', '初步设计', '职责']"
304,"['组织', '开展', '用地', '征', '拆', '工作']"
305,['阜阳市公路管理局颍上公路分局']
306,"['配合', '政府', '完成', '建设', '用地', '工作']"
307,"['征', '拆', '用地', '不到位', '问题']"
308,"['未能', '协调', '消除', '房等', '建筑物']"
309,['阜阳市公路管理局']
310,"['积极', '配合', '落实', '要求']"
311,"['完成', '用地', '征', '拆']"
312,"['致使', '完成']"
313,"['建筑物', '长期存在']"
314,['阜阳市交通运输局']
315,"['第二次', '推进', '会']"
316,"['督促', '工程建设', '工作']"
317,"['未能', '指导']"
318,"['督促', '变更', '初步设计']"
319,"['配合', '落实', '要求']"
320,"['完成', '用地', '征']"
321,"['协议', '约定']"
322,"['认真', '履行', '管理工作', '职责']"
323,"['致使', '项目', '完成']"
324,['阜阳市人民政府']
325,"['存在', '问题', '失察']"
326,"['落实', '不力']"
327,"['呼运集团有限责任公司', '未严格执行', '休息', '制度']"
328,"['未认真', '督促', '事故', '大客车', '停车', '休息']"
329,"['开展', '工作', '不到位']"
330,"['驾驶', '驾驶', '问题', '失察']"
331,"['河南省焦作市孟州市汽车运输有限责任公司', '危险', '主体责任', '落实', '不到位']"
332,"['安全管理制度', '不健全']"
333,"['措施', '不落实']"
334,"['未', '纠正', '人', '没有', '内部', '备案', '问题']"
335,"['未认真', '开展', '监控', '工作']"
336,"['配备', '超量', '装载', '危险', '货物', '问题', '失察']"
337,"['落实', '监控', '工作', '督促检查', '不到位']"
338,"['组织', '开展', '工作', '不到位']"
339,"['管理局', '履行', '监管', '职责', '督促检查', '不到位']"
340,"['危险', '货物', '监管', '责任', '落实']"
341,"['未认真', '督促', '孟州市汽车运输有限责任公司', '整改', '问题']"
342,"['管理局', '指导', '管理', '部门', '开展', '管理工作', '不力']"
343,"['孟州市汽车运输有限责任公司', '存在', '不到位']"
344,"['交通运输局', '履行', '监管', '职责', '督促检查', '不到位']"
345,"['出口', '加速', '通行', '秩序', '疏导']"
346,"['违法', '越过', '导流', '区', '缺乏', '管控', '措施']"
347,"['内蒙古自治区呼和浩特市公安交通警察支队', '开展', '工作', '存在', '薄弱环节']"
348,['不到位']
349,"['河南省焦作市孟州市公安交通警察大队', '开展', '驾驶', '人', '排查']"
350,"['孟州市汽车运输有限责任公司', '危险', '货物运输', '不到位']"
351,"['亿嘉汽运有限公司', '作为', '运输', '企业']"
352,"['不作', '了解']"
353,"['已', '发现', '未及时', '采取措施']"
354,"['管理', '不到位']"
355,"['同时', '未对', '公司员工', '进行', '安全教育培训']"
356,"['导致', '员工', '安全意识淡薄']"
357,"['可能', '认识']"
358,"['晨鸣纸业有限责任公司', '作为', '发包', '单位']"
359,"['亿嘉汽运有限公司', '签订', '管理', '协议']"
360,"['缺乏', '现场监督管理']"
361,"['未设置', '安全警示标识']"
362,"['违章作业', '及时发现', '有效', '制止']"
363,"['没有', '情况下']"
364,"['违法', '经营', '二硫化碳']"
365,"['购买', '运输罐', '车']"
366,"['运输', '二硫化碳']"
367,"['生产', '点']"
368,"['提供', '产品', '二硫化碳']"
369,"['违法', '核发', '工商', '营业执照']"
370,"['违法', '经营', '提供', '条件']"
371,"['违法', '经营', '行为', '失察']"
372,"['停薪留职', '放松', '管理']"
373,"['违法', '经营', '二硫化碳', '未引起', '重视']"
374,"['未加以', '制止']"
375,"['挂靠', '货物运输', '罐车', '只', '收取', '不进行', '安全管理']"
376,['放任自流']
377,"['安全意识', '不强']"
378,"['监管', '缺位']"
379,['失察']
380,"['重', '生产']"
381,"['轻', '安全']"
382,"['责任制', '落实', '不到位']"
383,"['对', '职工', '教育', '不力']"
384,['不严格']
385,"['工作人员', '安全意识淡薄']"
386,"['对', '存在', '认识']"
387,['违规作业']
388,['重视']
389,"['责任制', '督促', '落实', '不力']"
390,"['安全监督管理', '督促', '不到位']"
391,"['值班员', '在']"
392,"['违反', '管理', '规定']"
393,"['在', '减', '牵引', '重量']"
394,"['再次', '违反', '该', '规定']"
395,"['列检员', '违反', '规定']"
396,"['就', '发出', '试风', '完毕', '信号']"
397,"['没有', '进行', '第次', '试风']"
398,"['失去', '发现']"
399,"['司机', '违反', '铁道部', '规定']"
400,"['没有', '进行', '简略', '试验']"
401,"['失去', '最后', '发现']"
402,"['司机', '违反', '货物', '列车', '站', '停车']"
403,"['必须', '是']"
404,['发车']
405,"['司机', '鸣示', '缓解', '信号']"
406,"['进行', '缓解']"
407,"['确认', '条件', '具备']"
408,['规定']
409,"['管理', '不严']"
410,"['发生', '现象', '是', '事故', '发生']"
411,"['管理', '不严格']"
412,"['是', '事故', '发生']"
413,"['氧气', '充灌', '是']"
414,['个体']
415,"['违反', '国务院号令危险化学品安全管理条例第三十七条规定']"
416,"['属', '安全生产', '违法行为']"
417,"['产权', '属', '何xx']"
418,"['何某', '经营', '氧气', '未经', '任何', '职能部门']"
419,"['违反', '国务院', '号令']"
420,"['明知', '情况下']"
421,['充装']
422,"['充灌', '站']"
423,"['违反', '规定', '第二十九条', '规定']"
424,['有关']
425,['应对']
426,"['造成', '跨', '省界']"
427,"['杨志兴', '违反', '负责', '灌装', '管理', '规定']"
428,"['且', '违反', '劳动纪律']"
429,"['中', '擅离职守']"
430,"['责任', '不落实']"
431,"['未取得', '工商', '登记手续']"
432,"['不具备', '危险', '运输', '资质']"
433,"['变相', '挂靠', '凯信公司', '名下']"
434,"['车队', '安全管理制度']"
435,"['从业人员', '进行', '岗位', '技术培训']"
436,"['隐患排查治理', '制度']"
437,"['未采取', '及时发现']"
438,"['凯信公司', '未落实', '安全生产', '主体责任']"
439,"['违反', '规定']"
440,"['允许', '变相', '挂靠', '经营']"
441,"['且', '未对', '挂靠', '车辆']"
442,"['动态', '进行', '和', '管理']"
443,"['李建波', '未认真履行', '安全管理', '职责']"
444,"['、', '检查', '安全生产', '工作']"
445,"['及时', '消除', '变相', '挂靠']"
446,"['赵祥圣', '未履行', '安全管理', '职责']"
447,"['未及时', '制止']"
448,"['未对', '进行', '全程', '监管']"
449,"['未能', '保证', '所', '运输']"
450,"['陈志新', '驾驶', '上', '道路', '行驶', '行驶']"
451,"['未按照', '标明', '速度', '行驶']"
452,"['违法违规', '从事', '道路', '运输']"
453,"['擅自', '安装', '使用', '油罐车']"
454,"['涉嫌', '导致', '严重', '超载']"
455,"['挂靠', '只', '收取', '管理', '服务费']"
456,"['没有', '进行', '管理']"
457,"['挂靠', '自负盈亏']"
458,"['风险', '自担']"
459,['无安全管理制度']
460,"['安全', '管理员']"
461,"['未对', '包括', '押运员', '进行', '培训', '教育']"
462,"['完全', '交由', '挂靠', '车队']"
463,"['纵容', '道路交通', '违法行为']"
464,"['后', '逃逸']"
465,"['不', '配合', '调查']"
466,"['违规', '生产', '销售']"
467,"['公司', '在', 'B', '挂']"
468,"['只', '生产', '销售', '车架']"
469,"['并', '出具', '产品', '合格证']"
470,"['未进行', '和', '检测']"
471,"['B', '挂', '要求']"
472,"['存在', '安全隐患']"
473,"['不符合', '国家标准', '提供', '便利']"
474,"['事故', '造成', '负有', '重要', '责任']"
475,"['据调查', '发现']"
476,"['生产', '仅', '生产', '车架']"
477,"['自行', '购置', '安装', '罐体']"
478,"['出具', '整车', '车架', '发票']"
479,"['情况', '未进行', '和', '检测']"
480,"['存在', '安全', '问题']"
481,"['B', '挂', '检测', '时', '违规操作']"
482,['弄虚作假']
483,"['公司', '聘请', '股长', '贺建华']"
484,"['挂', '明显', '存在', '情况下']"
485,"['仅', '采用', '目测', '即', '得出', '结论']"
486,"['存在', '行为']"
487,"['违反', '规定', '规定']"
488,"['造成', '严重后果', '负有责任']"
489,"['B', '挂', '把关不严']"
490,"['、', '湖南省危险化学品包装容器检验中心']"
491,"['B', '挂', '进行', '检测']"
492,"['没有', '发现', '产品', '合格证']"
493,"['无产品', '铭牌']"
494,"['挂车', '小车', '大罐']"
495,"['后', '封头', '不符合', '有关', '问题']"
496,"['情况下', '让', 'B', '挂', '罐体']"
497,"['出具', '检测', '结论']"
498,"['使', '通过', '定期', '检测']"
499,"['进行', '安全', '技术', '年', '审时']"
500,"['疏于', '检测']"
501,"['没有', '及时发现', '该车']"
502,"['导致', '得以']"
503,"['挂', '核发', '行驶证', '审核', '不严']"
504,"['工作人员', '在', '审核', 'B', '挂车', '新车', '登记']"
505,"['没有', '及时发现', '盛兴公司']"
506,"['顺利', '上户']"
507,"['事发', '周边', '存在', '、', '建筑物']"
508,"['并', '有', '人员', '居住']"
509,"['广深沿江高速', '事发', '路段', '两边']"
510,"['出租', '土地']"
511,"['人', '无照经营']"
512,"['导致', '搭建']"
513,"['生产', '居住']"
514,"['形成', '事故隐患']"
515,['广东省公路管理局广深沿江高速公路有限公司路政大队']
516,"['未采取有效措施', '及时发现', '制止', '行为']"
517,"['建筑', '余泥']"
518,"['建筑', '控制', '加工', '作坊', '情况', '告知', '机构', '处理']"
519,"['广州市交通委员会综合行政执法局', '未采取有效措施', '及时', '巡查']"
520,['监管不力']
521,['广东省公路管理局路政管理处']
522,"['周边', '属于', '查控', '不力']"
523,"['及时', '制止', '查处', '违法建设']"
524,"['难以', '查控', '未及时', '提请', '分局', '处理']"
525,"['广州市城市管理综合执法局黄埔分局', '作为', '查处', '违法建设', '工作', '牵头', '部门']"
526,"['强化', '实施', '意见', '有关', '要求']"
527,"['未有效', '指导', '协助', '南岗', '街道办']"
528,"['致使', '存在', '大量', '违法建设']"
529,"['难以', '拆除', '依法', '进行']"
530,"['区政府', '交办', '办理', '不认真']"
531,"['未', '跟踪', '督导', '落实']"
532,"['不', '明显']"
533,"['存在', '清', '拆']"
534,"['工作', '不力']"
535,"['查控', '不力']"
536,"['做好', '违法建设']"
537,"['未有效', '制止', '违法建设', '长期存在']"
538,"['难以', '拆除', '执法局', '报告']"
539,"['协助', '工作', '未落实']"
540,"['未', '做好', '周边', '无照经营', '摸查', '工作']"
541,"['无照经营', '活动']"
542,"['未及时', '通报', '有关', '部门', '进行', '查处']"
543,"['区政府', '交办', '落实', '不到位']"
544,"['区政府', '交办', '落实', '不彻底']"
545,"['部门', '查处', '工作', '不力']"
546,"['周边', '属于', '行为', '监管', '不到位']"
547,"['及时', '查处']"
548,"['未采取有效措施', '及时发现', '查处', '木材', '行为']"
549,"['区政府', '贯彻落实', '及', '方针政策', '不到位']"
550,"['查控', '执行', '不力']"
551,"['未有效', '督促', '有关', '部门', '查处', '无照经营', '行为']"
552,"['工作', '方针政策']"
553,"['公司', '是', '击发', '帽', '爆炸物']"
554,"['该批', '击发', '帽', '爆炸物']"
555,"['黎某', '是', '击发', '帽', '爆炸物']"
556,"['未', '委托', '具有', '货物运输', '资质', '车辆']"
557,"['何某', '是', '击发', '帽']"
558,"['超出', '营运', '范围']"
559,"['该批', '击发', '帽', '爆炸物', '到', '广州']"
560,"['艾德', '是', '击发', '帽', '爆炸物']"
561,"['隐瞒', '谎称']"
562,"['非法将', '该批', '危险性', '为', '帽', '爆炸物']"
563,['储存']
564,"['具有', '货物运输', '资质', '企业', '承运']"
565,"['未向', '说明', '危险', '货物']"
566,"['以', '欺骗', '手段']"
567,"['委托', '非法进行', '报关', '出口']"
568,"['蓄意', '隐瞒', '危险性']"
569,"['作业', '进行', '安全管理']"
570,"['小心谨慎', '作业']"
571,"['艾德', '以', '蓄意', '手段']"
572,"['运输', '击发', '帽', '爆炸物']"
573,"['企图', '逃避', '海关监管', '走私', '出口', '行为']"
574,"['广州市固为货运有限公司', '是', '击发', '帽', '爆炸物']"
575,"['应当', '承担', '责任']"
576,"['未', '委托', '具有', '货物运输', '资质', '车辆', '承运']"
577,"['就', '以', '名义']"
578,"['委托', '进行', '非法', '运输']"
579,"['赵某某', '是', '击发', '帽']"
580,"['在', '击发', '帽']"
581,"['未认真', '核对', '记载', '相符']"
582,"['该批', '击发', '被', '当做', '搬运', '装车']"
583,"['擅自', '从事', '危险', '货物运输']"
584,"['均', '是', '和', '管理者']"
585,['安全管理制度']
586,"['未采取', '安全措施']"
587,"['均', '未签订', '管理', '协议', '约定', '安全生产管理职责']"
588,['导致']
589,"['派出所', '履行', '责任', '不到位']"
590,"['企业', '管理混乱']"
591,"['违规', '转让', '线路', '经营权']"
592,"['经营权', '转让']"
593,"['也', '存在', '同样', '问题']"
594,"['责任制', '不落实']"
595,"['安全', '责任']"
596,"['内部管理', '松散']"
597,"['制度', '不健全']"
598,"['没有', '建立']"
599,"['没有', '落实']"
600,"['管理', '流于形式']"
601,"['车辆', '失控', '漏管']"
602,"['只', '收费', '不管理']"
603,"['长期', '站外', '经营']"
604,"['未采取', '任何', '安全防范措施']"
605,"['监管部门', '履行', '监管', '职责', '不到位']"
606,['新县道路运输管理局']
607,"['作为', '市场', '主管部门']"
608,"['监督', '长安公司', '不到位']"
609,"['长期', '站外', '经营', '行为', '进行', '查处']"
610,"['安全管理制度', '落实', '监管', '不到位']"
611,"['牌', '发放']"
612,"['经营权', '行为']"
613,"['未能', '纠正', '客运车辆', '挂靠', '经营', '行为']"
614,['执法不严']
615,"['督促', '整改', '隐患', '不力']"
616,"['交通运输局', '执法']"
617,"['作为', '执法', '部门']"
618,"['执行', '不到位']"
619,"['执法', '计划']"
620,"['长期', '站外', '未能', '依法查处']"
621,"['查处', '不力']"
622,"['新县', '交通运输局']"
623,"['作为', '交通运输', '主管部门']"
624,"['组织', '开展', '领导', '不力']"
625,['指导']
626,"['未能', '履行', '监管', '职责', '失察']"
627,"['在场', '情况下']"
628,"['未能', '充分利用', '有效', '资源']"
629,"['场站', '统一', '发车', '经营', '秩序']"
630,"['失去', '有效', '监管']"
631,"['未能', '建立', '相互', '监督机制']"
632,"['导致', '工作', '存在', '和', '盲区']"
633,"['交通警察', '大队']"
634,"['作为', '监管', '机构']"
635,"['未严格执行', '有关', '和', '政策']"
636,"['调配', '不当']"
637,"['造成', '区域', '无', '警力']"
638,"['致使', '未能及时发现']"
639,"['新', '县公安局']"
640,"['执行', '制度', '不到位']"
641,"['安全形势', '研判']"
642,"['调整', '决策', '不当']"
643,"['队长', '调离', '后']"
644,"['及时', '调整', '补充', '队长']"
645,"['致使', '岗位', '负责人']"
646,"['工作', '缺位']"
647,['新县人民政府']
648,"['贯彻', '法律法规', '不到位']"
649,"['安排', '部署', '存在', '问题']"
650,"['领导', '在']"
651,"['贯彻执行', '不认真']"
652,"['对', '工作', '质量']"
653,"['充装', '检查', '出现', '纰漏']"
654,['检查']
655,"['存在', '问题', '未能及时发现']"
656,"['弘鼎运输公司', '危险', '管理', '缺失']"
657,"['未严格', '落实', '培训', '制度']"
658,"['私自', '改装', '使用', '不具备', '防火', '篷布']"
659,"['问题', '突出']"
660,"['产品包装', '违反规定']"
661,"['使用', '车辆', '使用', '未予', '制止']"
662,"['主体', '不明确', '问题', '突出']"
663,"['安全监管', '不到位']"
664,"['未严格', '开展', '监督', '检查']"
665,"['企业', '存在', '督促整改不力']"
666,"['内蒙古自治区阿拉善盟公安局经济技术开发区分局', '未向', '运输', '企业', '通报', '情况']"
667,"['伪装', '长期存在', '失察']"
668,"['和', '要求']"
669,"['竣工', '验收']"
670,"['工作', '落实', '不力']"
671,"['开发区管委会', '未对', '相关', '部门', '进行', '监督', '指导']"
672,"['致使', '从事', '运输', '活动']"
673,"['领导责任', '不到位']"
674,"['自己', '没有', '按规定', '穿着', '劳保', '服装']"
675,"['发现', '未', '穿戴', '劳保', '服装']"
676,"['负责人', '没有', '担负起', '责任']"
677,"['在', '发生', '爆燃', '事故', '没有']"
678,"['并', '上报', '安全事故']"
679,"['逃匿', '安全意识', '差']"
680,['违章操作']
681,"['管理', '较乱']"
682,"['所', '挂靠', '车辆', '不够']"
683,"['是', '造成', '这次', '事故']"
684,"['充装', '乙醇']"
685,"['长沙大承化工有限公司', '违反', '危险', '安全', '管理条例']"
686,"['一直', '使用', '非法', '改装', '货车运输', '乙醇']"
687,"['长沙市新鸿胜化工原料有限公司', '违反', '安全', '管理条例', '规定']"
688,"['安全管理制度', '不落实']"
689,"['未', '查验', '资质']"
690,"['存在', '未能及时发现']"
691,"['未能', '运用', '系统对', '车辆', '进行', '有效', '管理']"
692,"['违规', '出售', '车辆', '合格证']"
693,"['长沙市胜风汽车销售有限公司', '不具备', '销售', '资格']"
694,"['超范围', '经营', '出售', '二类', '底盘']"
695,"['违规', '提供', '整车', '合格证']"
696,['北汽福田汽车股份有限公司诸城奥铃汽车']
697,"['未确认', '出具', '整车', '合格证']"
698,"['罐体', '加装']"
699,"['长沙市芙蓉区安顺货柜加工厂', '无', '汽车', '改装', '资质']"
700,"['违规', '为本', '事故中', '肇事', '货车', '进行', '加装', '货厢', '改装']"
701,"['明知', '周添', '有意']"
702,"['制作', '加装', '方形', '罐体']"
703,['长沙市翔龙城西机动车辆检测有限公司']
704,['外观']
705,"['未', '保存', '检验', '部分']"
706,['检验']
707,"['形式', '标为', '独立', '悬架']"
708,"['特征', '不符']"
709,['进行']
710,"['未发现', '督促', '问题']"
711,"['授权', '签字', '人', '签字']"
712,"['湖南省交通运输部门', '履行', '货物运输', '安全监管职责', '不得力']"
713,"['福建省莆田市交通运输部门', '履行', '安全监管职责', '不到位']"
714,"['打击', '工作', '不得力']"
715,"['审', '把关不严']"
716,"['违反规定', '办理', '审', '手续']"
717,['不得力']
718,"['打击', '不力']"
719,"['指导', '不力']"
720,"['长期', '容许', '化学品', '监管不力']"
721,"['监管', '不严']"
722,"['法律法规', '不到位']"
723,"['开展', '督促检查', '不到位']"
724,"['管理所', '督促', '事故', '企业', '落实', '主体责任', '不到位']"
725,"['督促', '落实', '制度', '不力']"
726,"['未及时发现', '不按规定', '路线', '行驶']"
727,"['履行', '安全监管', '工作', '督促', '指导', '不力']"
728,"['督促', '指导', '运输', '管理所']"
729,"['履行', '行业', '安全监管职责', '督促', '指导', '不到位']"
730,"['湖南省公安交警部门', '履行', '职责', '不力']"
731,"['交警部门', '进行', '凌晨', '时至', '运行', '不得力']"
732,['湖南省交警总队高速公路管理支队邵怀大队']
733,"['尾端', '示警', '工作', '不力']"
734,"['未按规定', '采取', '分流', '措施']"
735,"['湖南省交警总队高速公路管理支队邵怀大队', '对前', '指挥', '不力']"
736,"['前', '一起', '道路', '交通事故', '指导', '不力']"
737,"['长途客车', '违反', '管控', '不到位']"
738,"['交警部门', '开展', '工作', '不得力']"
739,"['分所', '开展', '工作', '不严格']"
740,"['未发现', '纠正', '检测站', '工作人员']"
741,"['进行', '查验', '已经', '到期']"
742,"['代替', '查验', '民警', '填写', '签注', '合格']"
743,"['监督', '不得力']"
744,"['未能', '发现', '督促']"
745,"['报告单', '审核把关不严']"
746,"['车管所', '落实', '上级', '要求', '不严格']"
747,"['督促', '指导', '不力']"
748,"['未及时发现', '解决', '问题']"
749,"['大队', '打击', '行为', '不力']"
750,"['未能', '发现', '查处', '违法行为']"
751,"['监督管理职责', '落实', '不得力']"
752,"['对', '办理']"
753,"['打击', '开展', '不力']"
754,"['管控', '存在', '薄弱环节']"
755,"['交警总队', '贯彻落实', '法律法规', '不到位']"
756,"['打击', '货车', '违规行为', '检查', '不到位']"
757,"['安全监管部门', '履行', '化学品', '经营']"
758,"['进行', '延期', '换证', '申请', '核查', '把关不严']"
759,"['未发现', '经营', '过期', '问题']"
760,"['企业', '危险', '经营', '监管', '不到位']"
761,"['未及时', '纠正', '中', '未按']"
762,"['查验', '检查', '不得力']"
763,"['开展', '监管', '工作', '督促', '指导', '不力']"
764,"['安全监管局', '贯彻落实', '化学品', '经营', '安全', '法律法规', '不到位']"
765,"['部门', '履行', '机动车', '检测']"
766,['把关不严']
767,['长沙市']
768,"['未有效', '督促', '企业', '中', '发现']"
769,"['质量技术监督局', '贯彻落实', '法律法规', '不到位']"
770,"['申请', '审查', '把关不严']"
771,"['督促', '指导', '不到位']"
772,"['认识', '存在', '偏差']"
773,"['未及时', '查处', '违规', '销售', '问题']"
774,"['经营', '监管', '不得力']"
775,"['工商所', '督促', '指导', '不力']"
776,"['工商所', '未对', '范围', '经营', '进行', '查处']"
777,"['工商所', '未及时发现', '并', '查处', '振兴塑料厂']"
778,"['落实', '监管', '责任', '督促', '指导', '不力']"
779,"['组织', '开展', '安全生产', '打非治违', '督促', '有关', '部门']"
780,"['组织', '开展', '经营', '打非治违', '督促', '有关', '部门']"
781,"['未有效', '督促', '有关', '部门', '落实', '总体']"
782,"['人民政府', '贯彻落实', '相关', '法律法规', '不到位']"
783,"['凭感觉', '控制', '流量']"
784,"['控制', '不准']"
785,"['流速', '过快', '产生', '静电']"
786,"['输送', '没有', '深入', '槽', '底部']"
787,"['冲击', '产生', '大量', '静电']"
788,"['当天', '灌装', '危险品', '使用', '简易', '橡胶管']"
789,"['致使', '产生', '大量', '静电']"
790,"['私自', '改装', '车辆']"
791,"['无证', '运输']"
792,"['租用', '不进行', '资格', '确认']"
793,"['二人', '不遵守', '有关', '规定']"
794,"['不听', '劝阻']"
795,"['仍', '坐于', '槽罐车', '驾驶室']"
796,"['公运危运分公司', '未按照', '要求']"
797,"['应', '租赁', '人', '杨维']"
798,"['号车', '驾驶', '人', '变更']"
799,"['未将', '驾驶', '人']"
800,"['蹇传华', '进行', '安全', '培训']"
801,"['前', '驾驶', '人', '参加', '安全', '学习']"
802,"['错误', '代签']"
803,"['月度', '集中', '安全', '学习', '笔迹', '反映', '代签', '情况严重']"
804,"['不到', '%']"
805,"['发送', '安全', '短信', '代为']"
806,"['没有', '督促', '全员']"
807,"['公运危运分公司', '未将', '运输车', '押运员', '纳入', '管理', '范围']"
808,"['任由', '租赁', '人', '随意', '更换', '运输车', '押运员']"
809,"['押运员', '进行', '培训', '教育']"
810,"['措施', '缺失']"
811,"['速度', '值设', '为', '千米每小时']"
812,"['行驶', '进行', '有效', '管理']"
813,"['执行', '不力']"
814,"['应', '租赁', '人', '杨远灿']"
815,"['人', '变更', '为', '邓永胜']"
816,"['驾驶', '为']"
817,"['内部', '规定', '及时', '变更', '驾驶员', '信息']"
818,"['也', '未对', '曾东来', '进行', '资格', '审查']"
819,"['教育', '缺失']"
820,"['邓永胜', '进行', '安全', '培训']"
821,"['从未', '参加', '公司', '组织', '安全', '学习']"
822,"['曾东来', '进行', '培训', '教育']"
823,"['学习', '档案']"
824,"['安全隐患排查', '不到位']"
825,"['从未', '检查', 'BM', '号车']"
826,"['未及时发现', '消除', '安全隐患']"
827,"['有效', '履行', '责任人', '责任']"
828,"['不符合规定', '要求']"
829,"['没有', '要求']"
830,"['制度', '不落实']"
831,"['习惯性违章', '操作']"
832,"['卸料', '管']"
833,['肇事']
834,"['继续', '从事', '运营', '活动']"
835,"['违反', '国务院', '关于', '国发', '某号']"
836,"['未能', '吸取', '交通事故', '教训']"
837,"['仍然', '存在', '以包代管', '问题']"
838,"['违规', '设置', '指挥', '岗', '加重', '车辆', '拥堵']"
839,"['晋济高速公路煤焦管理站', '违反', '设计', '要求']"
840,"['加重', '车辆', '拥堵']"
841,"['拥堵', '发生', '后']"
842,['未']
843,"['作为', '主管', '单位']"
844,"['未', '纠正', '违规', '设在', '问题']"
845,"['不合格', '产品']"
846,"['湖北东特车辆制造有限公司', '生产', '紧急', '切断阀']"
847,"['不符合', '危险']"
848,"['技术', '要求', '规定']"
849,"['属于', '不合格', '产品']"
850,"['河北昌骅专用汽车有限公司', '生产', '紧急', '切断阀']"
851,"['不符合标准', '规定']"
852,['车辆']
853,"['不符合', '危险', '规定']"
854,"['运输', '安全监管不力']"
855,"['对', '问题', '监管不力']"
856,"['督促', '整改', '安全隐患']"
857,['晋']
858,"['轻', '监管']"
859,"['检查', '不细致']"
860,"['开展', '不深入']"
861,"['泽州县道路运输管理所', '履行', '监管', '职责', '督促', '指导', '不力']"
862,"['开展', '检查', '不力']"
863,"['问题', '失察']"
864,"['管理局', '开展', '工作', '不到位']"
865,"['在', '年']"
866,"['组织', '落实', '大', '检查']"
867,"['指导', '督促', '交通运输', '管理局', '履行', '货物运输', '安全监管职责']"
868,"['开展', '指导', '不力']"
869,"['有效', '指导', '交通运输', '管理局', '认真', '履行', '监管', '职责']"
870,"['未发现', '纠正', '经营', '行为']"
871,['要求']
872,"['指导', '监督', '相关', '职能部门', '履行', '责任', '不到位']"
873,"['政府', '贯彻落实', '相关', '法律法规', '不到位']"
874,"['政府', '履行', '督促检查', '不到位']"
875,"['未', '认真吸取', '交通事故', '教训']"
876,"['未能', '纠正', '车辆', '挂靠', '经营', '问题']"
877,"['开展', '检查指导', '不到位']"
878,['督促整改不力']
879,"['指导', '不到位']"
880,"['办理', '把关不严']"
881,"['督促检查', '不到位']"
882,"['开展', '检查', '工作', '督促', '指导', '不到位']"
883,"['对局', '属', '存在', '问题', '督促整改不力']"
884,"['存在', '指导', '不到位']"
885,"['未能', '有效', '指导', '孟州市', '交通运输局']"
886,"['公司', '作为', '管理', '单位']"
887,"['违规', '设立', '指挥', '岗', '采取', '默许', '态度']"
888,"['未予', '制止']"
889,"['可操作性', '不强']"
890,"['启动', '标准', '不明确']"
891,"['演练', '不到位']"
892,"['中心', '发现', '道路', '拥堵']"
893,"['响应', '要求', '及时', '通知', '煤焦', '管理站']"
894,"['情况', '进行', '和', '处理']"
895,"['提出', '措施', '建议']"
896,"['管理局', '作为', '上级', '主管部门']"
897,"['履行', '不到位']"
898,"['督促', '不力']"
899,"['接到', '拥堵', '信息', '及时', '报告', '领导']"
900,"['进一步', '跟踪', '处理']"
901,"['安全管理制度', '不规范', '落实', '不到位']"
902,"['交警部门', '履行', '道路交通', '安全监管责任', '不到位']"
903,"['未能', '预判', '公路', '解除', '封闭', '措施']"
904,"['情况', '出现', '后']"
905,"['对', '交通', '巡查']"
906,"['未积极主动', '协调', '疏导', '车辆']"
907,"['指导', '督促', '八', '大队', '开展', '工作', '不到位']"
908,"['对', '教育', '不到位']"
909,"['检验', '报告']"
910,"['E', '挂', '使用', '罐体', '使用']"
911,"['E', '挂', '使用', '紧急', '切断阀']"
912,"['且', '改变', '充装', '介质']"
913,"['河南省正拓罐车检测服务有限公司', '为豫', 'HJ', '挂', '罐体']"
914,"['HJ', '挂', '使用', '紧急', '切断阀']"
915,"['HJ', '挂', '使用', '罐', '体壁']"
916,"['不符合', 'GB', '-', '标准要求']"
917,"['事故', '暴露', '其他', '问题']"
918,"['设计', '充装', '介质', '不', '相符']"
919,"['不按', '出厂', '标定']"
920,"['造成', '安全隐患']"
921,"['客运站', '务', '管理', '缺失']"
922,"['管理', '监督不力']"
923,"['管理', '把关不严']"
924,"['中山市港口镇美景配客站', '不按规定', '办理', '配客', '手续']"
925,"['佛山市汽车运输集团有限公司石湾客运站', '违反', '有关', '规定']"
926,"['客运站', '务', '平舆', '汽车站']"
927,"['作为', '批准']"
928,"['对', '营运', '客车', '管理', '缺失']"
929,"['进行', '管理']"
930,"['平台', '发现', '按规定', '纠正']"
931,"['未按规定', '处罚', '交警部门', '抄告', '交通', '违法行为']"
932,"['人员', '开展', '上岗', '工作']"
933,"['未', '了解', '考核', '情况']"
934,"['安全教育', '流于形式']"
935,"['进行', '考核']"
936,"['对', '管理', '缺失']"
937,"['通报', '处理']"
938,"['未将', '处理', '情况', '报', '管理', '部门']"
939,"['履行', '工作', '职责']"
940,"['培训', '流于形式']"
941,"['疏于', '管理']"
942,"['作为', '发车', '车站']"
943,"['自行', '组织', '客源']"
944,"['未在', '售票', '正式', '售票']"
945,"['未严格', '落实', '实名', '售票', '实名', '验票']"
946,"['进行', '三品', '检查']"
947,"['中山市港口镇美景配客站', '在', '未', '核实', '大客车', '始发站', '情况下']"
948,"['允许', '进站', '配客']"
949,"['未严格', '履行', '相关', '职责']"
950,"['对', '情况']"
951,"['未向', '主管部门', '报告']"
952,"['佛山市汽车运输集团有限公司石湾客运站', '事故', '配', '客人']"
953,"['上车', '未', '实名', '验票', '乘车']"
954,"['未按规定', '进行', '出站', '检查']"
955,"['没有', '严格', '落实']"
956,"['六不出', '站', '相关', '管理制度']"
957,"['履职', '不到位']"
958,"['未严格', '加强', '监督', '检查']"
959,"['系统', '记录', '全面', '查处']"
960,"['未严格', '落实', '运输', '安全监管职责']"
961,"['督促', '落实', '主体责任', '不力']"
962,['未严格']
963,"['多年', '未进', '汽车站', '发班']"
964,"['有', '平舆', '汽车站', '表上', '、', '盖章']"
965,"['致使', '通过', '年']"
966,"['有效', '使用']"
967,"['未严格', '履行', '检查', '职责']"
968,"['落实', '情况', '监管不力']"
969,"['未发现', '落实', '处罚', '制度']"
970,"['检查指导', '缺失']"
971,"['未发现', '有效']"
972,"['未严格', '履行', '管理', '职责']"
973,"['未及时', '督促整改到位']"
974,"['进行', '不', '记分', '处理', '监管不力']"
975,"['处理', '交通', '违法行为']"
976,"['违法行为', '录入', '违法', '信息处理系统']"
977,"['非', '时', '未严格执行', '非', '报批', '规定']"
978,"['违规', '给予', '记分', '处理']"
979,"['发放', '美景', '识别', '卡', '把关不严']"
980,"['打击', '不够', '到位']"
981,"['不够', '到位']"
982,"['交通运输局', '整治', '站外', '揽客', '不够', '彻底']"
983,"['挂靠', '车辆', '不到位']"
984,"['没有', '认真', '履行', '安全生产', '主体责任']"
985,"['安全教育', '不落实']"
986,"['制动', '不符合', '安全', '标准', '上路', '行驶']"
987,"['违规', '给', '赣', 'FA', '挂', '半挂车']"
988,"['超载', '吨']"
989,"['安全管理', '不到位']"
990,"['存在', '严重', '安全隐患']"
991,"['醴陵市宇泰黑火药制造有限公司', '未对', '生产', '经营', '进行', '有效', '管理']"
992,"['主体责任', '落实', '不力']"
993,"['分公司', '使用', '安全', '要求', '黑火药']"
994,"['非法', '购买', '爆炸物', '黑火药']"
995,"['组织', '打击', '买卖', '黑火药', '工作', '不到位']"
996,"['督促', '烟花爆竹', '生产']"
997,"['打击', '行为', '存在', '盲区']"
998,"['特别', '是', '未', '任命', '到位']"
999,"['工作力度', '不够']"
1000,"['致使', '流入']"
1001,"['桃林镇', '人民政府']"
1002,['对']
1003,"['督促', '相关', '站', '工作', '不到位']"
1004,"['事故', '发生', '前']"
1005,"['非法', '购买', '黑火药']"
1006,"['没有', '得到']"
1007,"['打击', '不彻底']"
1008,"['临湘市', '公安局']"
1009,"['存在', '打非', '不力', '失职', '行为']"
1010,"['烟花爆竹', '生产', '企业', '买卖', '不到位']"
1011,"['底', '数不清']"
1012,"['导致', '长期', '规避', '监管部门']"
1013,"['跳开', '审批', '环节']"
1014,['购买']
1015,"['临湘市', '交通运输局']"
1016,"['管理工作', '职责']"
1017,"['资格', '执法检查']"
1018,"['配合', '打击', '运输', '力度']"
1019,"['致使', '长期', '失控']"
1020,"['临湘市', '安监局']"
1021,"['烟花爆竹', '生产', '监管', '不到位']"
1022,"['打击', '力度', '不够']"
1023,['相互配合']
1024,"['是否', '超', '药量', '检查', '不细致']"
1025,"['职能部门', '没有', '认真', '履职']"
1026,"['存在', '漏洞']"
1027,"['未建立', '又', '重新犯罪']"
1028,"['对', '内', '缓刑']"
1029,"['致使', '违法犯罪', '活动']"
1030,"['未', '健全', '矫正', '管理工作', '制度']"
1031,"['人员', '管理']"
1032,"['发现', '脱网', '监管']"
1033,"['未依法', '采取相应', '措施']"
1034,"['又', '重新犯罪', '追究', '制度']"
1035,"['调查', '发现', '对象', '矫正', '期内', '重新犯罪']"
1036,"['责任人员', '受到', '追究']"
1037,"['管理工作', '松懈']"
1038,"['督办', '不力']"
1039,"['没有', '作出', '要求']"
1040,"['打击', '黑火药', '不力']"
1041,"['致使', '未得到', '有效']"
1042,"['醴陵市', '公安局']"
1043,"['未编制', '执法', '计划']"
1044,"['未按', '要求', '填写', '检查', '记录']"
1045,"['生产', '企业', '买卖', '检查', '不到位']"
1046,"['导致', '长期', '规避', '监管', '销售', '黑火药']"
1047,"['镇', '人民政府']"
1048,"['下发', '打击', '生产', '天剑', '计划']"
1049,"['打非', '未', '涉及', '整治', '工作']"
1050,"['口头', '有关', '领导', '汇报', '相关', '工作']"
1051,"['并', '请求', '继续']"
1052,"['针对', '运输', '行为']"
1053,"['组织', '打击', '工作', '不力']"
1054,"['督促', '站', '所']"
1055,"['监督', '管理局']"
1056,"['、', '督促', '质量', '监督管理', '工作', '不力']"
1057,"['醴陵市', '安监局']"
1058,"['工区', '存在', '与', '督促整改不力']"
1059,"['验收', '把关不严']"
1060,"['未', '到位', '予以']"
1061,"['醴陵市', '交通运输局']"
1062,"['计划', '不完整']"
1063,"['无规范', '制度']"
1064,"['装载', '工作', '不力']"
1065,"['客运', '安全管理混乱']"
1066,"['工作', '以包代管']"
1067,"['签订', '合同中', '含有', '条款']"
1068,"['默许', '站外']"
1069,"['未', '排查治理', '不', '进站', '安全隐患']"
1070,"['未认真', '核实', '长期', '请假', '脱班', '情况']"
1071,"['发现', '报班', '手续不全']"
1072,"['未按规定', '扣留', '进站', '证']"
1073,"['发现', '按时', '到达', '发车', '位时']"
1074,"['未按规定', '核实', '原因']"
1075,"['未认真', '开展', '纠正', '工作']"
1076,"['未', '纠正', '承包经营', '合同中', '违规', '条款']"
1077,['未发现']
1078,"['管理工作', '不到位']"
1079,"['不', '进站', '不按规定', '线路', '行驶', '监管', '不到位']"
1080,"['组织', '开展', '管理工作', '不到位']"
1081,"['汇昌公司', '危险', '化学品', '安全管理混乱']"
1082,"['汇昌公司', '未认真执行', '危险', '安全生产', '管理制度']"
1083,"['多次', '违规', '危险', '化学品']"
1084,"['销售', '二异庚腈', '没有', '技术', '说明书']"
1085,"['未按规定', '加贴', '拴', '安全', '标签']"
1086,"['不符合', '危险', '包装', '标识', '要求']"
1087,"['未发现', '二异庚腈', '存在', '安全隐患', '问题']"
1088,"['未发现', '二异庚腈', '存在', '隐患', '问题']"
1089,"['组织', '开展', '工作', '不得力']"
1090,"['未发现', '装载', '问题']"
1091,"['开展', '检查时', '存在', '问题']"
1092,"['街道办事处', '贯彻落实', '国家有关', '危险', '法律法规', '不到位']"
1093,"['没有', '达到', '快速', '处置', '要求']"
1094,"['时间', '过长']"
1095,"['要求', '组织', '施救']"
1096,"['导致', '通行']"
1097,"['车辆通行', '缓慢']"
1098,['交通拥堵']
1099,"['事故', '多发', '及时', '跟上']"
1100,"['认真', '进行', '、', '预测']"
1101,"['日', '施救', '过程', '中']"
1102,"['没有', '及时', '提示']"
1103,"['进行', '限速', '提示']"
1104,"['事故', '多发', '增设', '建议']"
1105,"['没有', '及时', '作出', '处理', '决定']"
1106,"['在', '危险', '—', '苯吨']"
1107,['通过']
1108,"['未按照', '管理条例', '规定']"
1109,"['及时', '报告', '公安机关', '依法处理']"
1110,"['路上', '运行', '没有', '安全监控', '手段']"
1111,"['部门', '在']"
1112,"['工作', '不细致']"
1113,"['未能', '发现', '消除', '事故隐患']"
1114,"['也', '存在', '需', '处']"
1115,"['安全阀', '采用', '内置式']"
1116,"['仍然', '高于']"
1117,"['经常', '发生', '此类', '事故']"
1118,"['煤气公司', '忽视', '安全', '工作']"
1119,['非法']
1120,"['东盟联丰农产品商贸中心', '是', '违法建设', '经营']"
1121,"['项目', '建设']"
1122,"['导致', '标准规范', '要求']"
1123,"['东盟联丰农产品商贸中心', '建成', '后']"
1124,"['部门', '验收', '情况下']"
1125,"['擅自', '投入使用']"
1126,"['商户', '无视', '法律法规', '规定']"
1127,"['将', '经营', '场所', '合为一体']"
1128,"['防火', '要求', '消防设施', '设备']"
1129,"['违规', '经营', '储存', '易燃', '危险物品']"
1130,"['未取得', '危险', '化学品', '经营', '许可证', '情况下']"
1131,"['经营', '危险品']"
1132,"['违法', '安装', '储存', '容器']"
1133,"['在', '未采取', '任何安全防护', '措施']"
1134,"['违规', '卸载', '危险品']"
1135,"['具有', '承运', '资质', '安排']"
1136,"['违法', '委托', '不具备', '经营', '资格', '车主', '高树红']"
1137,"['经营', '资质', '条件', '昆明市官渡区福萍食用酒精销售部']"
1138,"['虽然', '取得', '运输', '许可']"
1139,"['放任', '挂靠', '管理']"
1140,"['罐车', '失管']"
1141,"['高树红', '自行安排']"
1142,"['挂靠', '安全管理', '职责']"
1143,"['云南中保联诚保安服务有限公司', '对', '派驻', '安全检查', '不到位']"
1144,"['保安人员', '不具备', '事故隐患排查', '能力']"
1145,"['安全检查', '流于形式']"
1146,"['市场', '存在', '进行', '检查和', '管理']"
1147,"['也', '未向', '监管部门', '报告']"
1148,"['动火', '取暖', '放任不管']"
1149,"['火源', '引燃', '发生', '事故']"
1150,"['招商引资', '到', '官渡区']"
1151,"['与其', '签定', '服务', '协议书']"
1152,"['但', '未履行', '协助']"
1153,"['下达', '综罚', '字']"
1154,"['关上', '出具', '情况', '说明']"
1155,"['提出', '请予']"
1156,"['暂缓执行', '处罚']"
1157,"['干预', '行政', '执法']"
1158,"['持续', '打击', '非法建设', '行为']"
1159,"['致使', '非法', '建成']"
1160,"['大队', '在']"
1161,"['虽然', '下达', '行政处罚', '决定书']"
1162,"['但', '在']"
1163,['收到']
1164,"['要求', '履行', '执法', '职责']"
1165,"['职能部门', '在']"
1166,"['履行职责', '不到位']"
1167,"['未按照', '进行', '、', '服务']"
1168,"['致使', '长期存在', '环节', '违法违规行为']"
1169,"['检查', '不深入']"
1170,"['履行', '监管', '职责', '官渡区', '关上', '办事处']"
1171,"['安全检查', '不深入']"
1172,"['检查', '发现', '督促整改不力']"
1173,"['特别是在', '落实', '开展', '集中', '开展', '专项', '行动']"
1174,"['存在', '和', '死角']"
1175,"['导致', '非法', '储存']"
1176,"['非法', '营运', '长期存在']"
1177,"['内', '长期存在', '没有', '深入研究']"
1178,"['缺乏', '工作', '措施']"
1179,"['违规', '建设', '开展', '整治', '不力']"
1180,"['存在', '和', '盲区']"
1181,"['人员', '未落实', '安全生产', '主体责任']"
1182,"['实行', '挂靠', '经营']"
1183,"['进行', '培训']"
1184,"['无', '运输', '资质']"
1185,"['违法', '包给', '无资质', '人员', '生产', '经营']"
1186,"['违法', '生产']"
1187,"['大量', '使用', '从业', '资格', '人员', '从事', '工序', '作业']"
1188,"['假冒', '注册商标']"
1189,"['违法', '装载']"
1190,"['虎子货运部', '违反', '管理', '规定', '货物运输', '资质', '联系', '介绍', '危险', '货物']"
1191,"['名义', '替代', '运输', '合同']"
1192,"['管理处', '作为', '管理', '部门']"
1193,"['家庄开发区凯达公司', '落实', '主体责任', '监督不力']"
1194,"['发现', '没有', '跟踪']"
1195,"['镇政府', '作为', '监管', '单位']"
1196,"['有效', '落实', '安全生产', '法律法规']"
1197,"['安全生产', '条例', '关于', '关于', '规定']"
1198,"['非法', '生产', '行为', '监管不力']"
1199,"['蒲城县宏盛花炮制造有限公司', '存在', '未及时', '排查治理']"
1200,['陕西省']
1201,"['未按照', '关于']"
1202,"['承包', '转包']"
1203,"['大量', '使用', '从业', '资格', '人员', '从事', '检查', '不到位']"
1204,"['监管', '存在', '较大', '漏洞']"
1205,"['致使', '失察']"
1206,"['交通运输局', '作为', '管理', '部门']"
1207,"['有效', '落实', '管理', '实施细则', '相关', '规定']"
1208,"['对', '监管', '不到位']"
1209,"['工商行政管理局', '作为', '管理', '部门']"
1210,"['关于', '规定']"
1211,"['审核', '不严']"
1212,"['营业执照', '年检']"
1213,"['对', '检查', '不到位']"
1214,"['质量技术监督局', '作为', '检验', '部门']"
1215,"['蒲城县宏盛花炮制造有限公司', '超出', '许可', '范围', '规定']"
1216,"['违法', '生产', '检查', '不到位']"
1217,"['蒲城县人民政府', '负责', '安全生产', '工作']"
1218,['未有效']
1219,"['部门', '履行', '监管', '职责', '督促']"
1220,"['致使', '违法', '生产']"
1221,"['及时', '排除']"
1222,"['有限公司', '未落实', '安全生产', '主体责任']"
1223,"['违规', '经营']"
1224,"['车', '纳入', '日常', '管理']"
1225,"['成为', '控制']"
1226,"['严重', '缺失']"
1227,"['日常', '安全管理混乱']"
1228,"['治理', '不彻底', '不深入']"
1229,"['安全意识', '差']"
1230,"['唐志峰', '肇事', '操作技能', '差']"
1231,"['未经', '批准', '停车场']"
1232,"['驾驶', '失管失察']"
1233,"['未进行', '动态', '监控']"
1234,"['驾驶', '驾驶', '未能及时发现']"
1235,"['导致', '长期', '奔波']"
1236,"['卸车', '出现', '严重', '操作失误']"
1237,"['未按规定', '制定', '有', '处置', '预案']"
1238,"['从业人员', '开展', '应急救援', '演练']"
1239,"['应急', '处置', '培训', '不到位']"
1240,"['致使', '出现']"
1241,"['直接', '导致', '事故', '发生']"
1242,"['致使', '能力', '缺失']"
1243,"['造成', '全部', '死亡']"
1244,"['对', '装卸', '安全管理']"
1245,"['安全教育培训', '不到位']"
1246,"['未依法', '配备', '装卸', '管理人员']"
1247,"['中', '无', '或', '监控']"
1248,"['临沂金誉石化有限公司', '未落实', '安全生产', '主体责任']"
1249,"['意识', '淡薄']"
1250,['不重视']
1251,"['未依法', '落实', '保障', '责任']"
1252,"['责任', '落实', '流于形式']"
1253,"['隐患排查治理', '工作']"
1254,"['存在', '特别', '是']"
1255,"['素质', '低']"
1256,"['专业技能', '不足']"
1257,"['管理水平', '低']"
1258,"['不能', '适应']"
1259,"['特种设备', '安全管理混乱']"
1260,"['未依法', '取得', '压力容器', '充装', '生产', '经营']"
1261,"['人员', '不具备', '和', '能力']"
1262,"['有人', '取得', '特种设备作业人员资格', '证']"
1263,"['不能', '满足', '正常', '操作', '需要']"
1264,"['韩仲国', '未取得', '资质', '无证上岗']"
1265,"['不具备', '相应']"
1266,"['未能及时发现', '纠正', '误操作', '行为']"
1267,"['特种设备', '充装', '质量保证体系', '不健全']"
1268,"['特种设备', '维护', '检测', '不及时']"
1269,"['技术', '操作规程']"
1270,"['卸载', '静置', '十分钟']"
1271,"['液相', '卸料', '不到位']"
1272,"['锁止', '经常性', '损坏', '更换', '维护', '不及时']"
1273,"['组织', '作业']"
1274,"['同时', '进入', '装卸', '现场']"
1275,"['超负荷', '进行', '装卸', '作业']"
1276,"['风险', '偏高']"
1277,"['且', '未采取有效', '管控', '措施']"
1278,"['操作规程', '不完善']"
1279,"['中', '没有', '具备', '资格', '或', '监控']"
1280,"['工程项目', '违法建设']"
1281,"['公司', '一期', '二期', '回收', '建设项目']"
1282,"['擅自', '开工', '建设', '使用', '施工', '队伍']"
1283,['未批先建']
1284,"['逃避', '行政', '监管']"
1285,"['未依法', '建立', '应急救援', '组织']"
1286,"['配备', '不足']"
1287,"['编制', '不规范']"
1288,"['实用性', '差']"
1289,"['特点', '开展', '应急', '演练']"
1290,"['能力', '不高']"
1291,['出现']
1292,"['及时', '关闭', '泄漏', '罐车', '和', '球阀']"
1293,"['人员', '撤离']"
1294,"['致使', '持续']"
1295,"['造成', '重大', '人员伤亡']"
1296,"['安兴货物运输有限公司', '未落实', '安全生产', '主体责任']"
1297,"['处于', '脱管', '状态']"
1298,"['对', '运营']"
1299,"['仅', '履行', '手续', '办理']"
1300,"['欺瞒', '监管']"
1301,"['报备', '职责']"
1302,"['点', '累计']"
1303,"['未按照', '进行', '报备']"
1304,"['监控', '不到位']"
1305,"['进行', '动态', '监控']"
1306,"['未按规定', '使用', '具有', '记录', '功能', '定位', '装置']"
1307,"['驾驶', '行为', '予以']"
1308,"['对', '危化品', '罐车']"
1309,"['未按规定', '配备', '操作', '人员']"
1310,"['未依法', '履行', '服务', '责任']"
1311,"['单位', '责任']"
1312,"['设计', '有限公司']"
1313,"['作为', '一期']"
1314,"['进行', '设计']"
1315,"['单位', '聘用', '进行', '施工']"
1316,"['导致', '倒塌']"
1317,"['造成', '控制', '员工', '死亡']"
1318,"['监理单位', '责任']"
1319,"['建设监理有限责任', '公司']"
1320,"['临沂金誉石化有限公司', '一期', '工程', '监理单位']"
1321,"['未依法', '履行', '建筑工程', '监理职责']"
1322,"['未发现', '时', '违反', '设计']"
1323,['济南华源安全评价有限公司']
1324,['作为']
1325,"['出具', '风险', '分析', '前后矛盾']"
1326,"['严重', '失实']"
1327,"['风险', '交织']"
1328,"['未', '提出', '防控', '措施']"
1329,"['事故', '发生', '造成', '和', '财产损失']"
1330,['山东瑞康安全评价有限公司']
1331,"['出具', '结论', '失实']"
1332,"['未依法', '履行', '运输', '安全监管职责']"
1333,"['临港经济开发区', '分局']"
1334,"['工作', '失职']"
1335,"['有限公司', '存在', '超越', '许可', '违法违规', '问题']"
1336,"['监管', '措施']"
1337,"['经营', '未向', '主管部门', '备案']"
1338,"['检查', '失职']"
1339,"['未', '加强', '源头', '管理']"
1340,"['未', '派驻', '现场', '管理人员']"
1341,['监督不力']
1342,"['未依法', '履行', '监管', '职责']"
1343,"['使用', '监控', '终端', '监察', '不力']"
1344,"['未及时发现', '纠正', '督导', '不力']"
1345,"['安全监管', '失察']"
1346,"['对', '配备', '装卸', '管理人员']"
1347,"['无', '监控', '违规', '行为', '监督不力']"
1348,"['对', '监管', '失察']"
1349,"['监管', '失察']"
1350,"['开展', '应急', '演练', '提高', '督促', '不力']"
1351,"['临沂市', '交通运输局']"
1352,"['许可', '经营', '失察']"
1353,"['未', '纳入', '监管', '失察']"
1354,"['对', '经营']"
1355,"['分局', '履行', '运输', '安全监管职责']"
1356,"['未按规定', '开展', '问题', '失察']"
1357,"['未依法', '履行', '监察', '职责']"
1358,"['市场', '监管局']"
1359,"['两次', '发现', '临沂金誉石化有限公司', '未取得', '移动式', '压力容器']"
1360,"['虽', '下达', '处罚', '决定']"
1361,['未依法']
1362,"['失察', '不力']"
1363,['发现']
1364,"['未及时', '制止', '督促整改']"
1365,"['未发现', '人员', '未取得', '特种设备作业人员资格']"
1366,"['特别', '是', '韩仲国', '未取得']"
1367,"['充装', '监管', '失察']"
1368,"['发现', '监管', '措施']"
1369,"['临沂市', '质监局']"
1370,"['特种设备', '安全管理混乱', '监管', '失察']"
1371,"['未取得', '未取得', '生产', '许可证', '监管', '失察']"
1372,"['履行', '指导', '不力']"
1373,"['督促', '开展', '工作', '不力']"
1374,"['未依法', '履行', '工作', '职责']"
1375,"['临港经济开发区', '安监局']"
1376,"['未认真履行', '危险', '工作', '职责']"
1377,"['指导', '督促', '负有', '化学品', '安全监督管理职责', '部门']"
1378,"['组织', '开展', '大排查', '快']"
1379,"['落实', '不到位', '监管不力']"
1380,"['对', '临沂金誉石化有限公司', '安全意识淡薄']"
1381,"['临沂市', '安监局']"
1382,"['开展', '不深入', '监管', '失察']"
1383,"['指导', '督促', '负有', '化学品', '安全监督管理职责', '其他', '部门']"
1384,"['指导', '督促', '临港经济开发区', '安监局', '履行', '职责', '不力']"
1385,"['未依法', '履行', '审批', '职责']"
1386,"['临港经济开发区', '大队']"
1387,"['对', '深加工', '建设项目', '监管', '失察']"
1388,"['建设', '完成', '后', '补办', '验收', '手续']"
1389,"['行为', '失察']"
1390,"['未正确', '履行', '单位', '监督管理职责']"
1391,"['内', '使用', '不符合', '消防安全', '质量']"
1392,"['未及时发现', '违法行为']"
1393,"['不到位', '监管', '失察']"
1394,"['未及时发现', '未', '委托', '检测', '机构']"
1395,"['未', '委托', '评估', '机构', '违法行为', '失察']"
1396,"['临沂市', '公安消防支队']"
1397,"['都', '存在', '消防', '未批先建', '监管', '失察']"
1398,"['擅自', '施工', '监管', '失察']"
1399,"['公司', '作为', '单位', '存在', '问题', '失察']"
1400,"['查处', '消防设施', '未批先建', '督促', '不力']"
1401,"['未依法', '履行', '主管部门', '职责']"
1402,"['经济', '发展局']"
1403,"['布局', '要求']"
1404,"['推动', '项目', '进入', '化工园区']"
1405,"['必须', '管', '安全', '必须', '必须']"
1406,"['开展', '管理工作', '不力']"
1407,"['对', '加强', '节能', '管理', '开展', '推进', '不力']"
1408,"['把', '关上', '轻', '安全']"
1409,"['一期', '未取得', '监管', '失察']"
1410,"['依法', '履行', '监管', '职责']"
1411,"['临沂金誉石化有限公司', '开展', '监督', '检查']"
1412,"['临沂市', '经信委']"
1413,"['对', '全市']"
1414,"['推动', '临港经济开发区', '新建', '化学品', '建设项目']"
1415,"['未按照', '管', '必须', '必须', '必须']"
1416,"['认真', '履行', '监管', '职责']"
1417,"['指导', '履行', '职责', '不力']"
1418,"['督促', '经济', '发展局', '工作', '不力']"
1419,"['未依法', '履行', '建设工程', '安全监管职责']"
1420,"['临港经济开发区', '建设局']"
1421,"['补办', '建设', '工程施工许可证']"
1422,"['未按规定', '审查合格']"
1423,"['未按规定', '办理', '监督', '手续', '情况下']"
1424,"['违法违规', '进行', '审批']"
1425,"['对', '公司', '未办理', '施工', '建设']"
1426,"['致使', '一直', '持续', '施工许可证']"
1427,"['未发现', '一期', '建设项目', '未按规定']"
1428,"['施工图设计文件', '未按规定', '违法行为']"
1429,"['工程', '履行', '监管', '职责']"
1430,"['未按规定', '履行', '检查', '职责']"
1431,"['未发现', '有限公司', '未按照', '工程建设强制性标准']"
1432,"['未发现', '队伍', '冒用', '工程', '施工资质']"
1433,"['未发现', '一期']"
1434,"['贯彻落实', '不到位']"
1435,"['建设项目', '未取得', '环评', '批复', '监管', '失控']"
1436,"['导致', '大量', '存在']"
1437,"['临沂金誉石化有限公司', '一期', '监管', '失察']"
1438,"['临港经济开发区', '规划局']"
1439,"['临沂金誉石化有限公司', '一期', '深加工', '建设项目', '开工', '建设', '行为', '失察']"
1440,"['建设', '补办', '建设', '、', '建设工程规划许可证']"
1441,"['补办', '建设工程规划许可证']"
1442,"['政府', '贯彻落实', '和', '上级', '安排']"
1443,"['履行', '责任', '不力']"
1444,"['领导', '不力']"
1445,"['管委会', '贯彻落实', '和', '上级', '安排']"
1446,"['不够', '重视']"
1447,"['产业布局', '不合理']"
1448,"['推动', '不力']"
1449,"['落实', '管理', '不到位']"
1450,"['内', '存在', '严重', '失职']"
1451,"['不', '实']"
1452,"['督促', '指导', '团林镇', '党委政府']"
1453,"['督促', '指导', '、', '管委会']"
1454,"['管理', '缺失']"
1455,"['经营', '进行', '实质', '管理']"
1456,"['没有', '依法', '履行', '管理', '职责']"
1457,"['杜海红', '没有', '依法', '履行', '安全生产管理职责']"
1458,"['房出租', '给', '没有', '从业', '资质', '刘祯建', '个人']"
1459,"['非法', '生产', '提供', '条件']"
1460,"['工商登记', '为', '投资', '企业']"
1461,"['实际', '为']"
1462,"['只是', '借用', '安全生产', '许可证']"
1463,"['没', '认真', '履行', '监管', '职责']"
1464,"['致使', '行为', '长期存在']"
1465,"['打非', '村委会', '打非', '工作', '存在', '疏漏']"
1466,"['非法', '生产', '引线', '排查']"
1467,"['一是', '存在', '管理', '漏洞']"
1468,"['安全教育培训', '不深入']"
1469,"['管理人员', '麻木不仁']"
1470,['安全意识淡薄']
1471,"['检查', '培训', '记录']"
1472,"['宣讲', '较', '多']"
1473,"['提高', '从业人员', '安全意识', '下功夫', '不够']"
1474,"['妻子', '知道', '需要']"
1475,"['予以', '制止']"
1476,"['曾', '发现', '违规行为']"
1477,"['没有', '引起', '足够', '重视']"
1478,"['批评', '了事']"
1479,"['如何', '防范', '违规行为', '再次发生', '进一步', '采取', '有效防控', '措施']"
1480,"['安全员', '进厂', '后']"
1481,"['一直', '未安排', '人', '参加', '业务培训']"
1482,"['中', '明确要求']"
1483,"['必须', '进行']"
1484,"['进行', '产品', '试放']"
1485,"['没有', '进行', '处理']"
1486,"['台账', '记录']"
1487,"['未', '见', '有过', '任何', '记录']"
1488,"['事故', '发生', '当天', '晚上']"
1489,"['试放', '产品']"
1490,"['都', '在']"
1491,"['荷花街道办事处', '履行', '安全监管职责', '不力']"
1492,['街道安监站']
1493,"['发放', '登记', '台账']"
1494,"['药物', '出', '明确要求', '精确']"
1495,"['是否', '存放', '进行', '检查']"
1496,"['安全隐患排查', '未发现', '该厂', '非']"
1497,['浏阳市']
1498,"['虽然', '不在']"
1499,"['两队', '督促', '力度', '不够']"
1500,"['非', '缺乏', '和', '手段']"
1501,"['槽', '罐为', '无牌', '无证']"
1502,"['质量', '低劣']"
1503,"['极易', '损坏']"
1504,"['无', '运输', '许可证', '管理', '失控']"
1505,['上杭县']
1506,"['安全防范措施', '不到位']"
1507,"['加装', '罐体']"
1508,"['从事', '危险品', '货物运输']"
1509,"['驾驶员', '无', '驾驶', '资格']"
1510,"['属于', '超载', '运输']"
1511,"['违反', '批准', '限额']"
1512,"['通行', '未进行']"
1513,"['教育', '不力']"
1514,"['缺乏', '和', '手段']"
1515,"['曹锋', '驾驶', '号', '重型', '半挂', '速', '行驶']"
1516,"['安全管理', '不严']"
1517,"['运输', '危险', '化学品', '部分', '遮挡']"
1518,"['物品', '管理混乱']"
1519,"['违规', '发放', '违法', '运输', '民爆', '物品']"
1520,"['违法', '运输', '民爆', '物品']"
1521,"['未依法', '落实', '登记', '制度']"
1522,"['民爆公司', '违反', '生产', '作业']"
1523,['粤']
1524,"['未按照', '清理', '装运', '炸药']"
1525,"['取得', '情况下']"
1526,"['人', '违规将', '炸药', '雷管', '装', '上', '车辆']"
1527,"['人', '未按规定', '穿着', '防静电', '鞋']"
1528,"['均', '没有', '核对', '、', '运输', '民爆', '物品']"
1529,['上车']
1530,"['均', '超载']"
1531,"['载重量', '是']"
1532,"['实际', '装', '载重量', '为']"
1533,"['载重量', '为']"
1534,"['叶本强', '驾驶', '随车', '配备', '押运员']"
1535,"['违规', '携带', '手机', '进入', '平台', '爆破作业']"
1536,"['还', '处在', '开机', '状态']"
1537,['没有']
1538,"['卸', '炸药', '时候', '没有']"
1539,"['一边', '卸', '炸药', '一边', '移动']"
1540,"['车辆', '在']"
1541,"['仍', '有', '进行', '套孔', '作业']"
1542,"['未', '持有', '交通部门', '核发', '从业', '资格证']"
1543,"['库', '无', '监控', '记录']"
1544,"['运输', '行为']"
1545,"['月', '日']"
1546,"['未依法', '取得', '资质', '资格', '情况下']"
1547,"['运输', '民爆', '物品']"
1548,"['违法', '使用', '组织', '生产']"
1549,"['爆破作业', '现场管理混乱']"
1550,['到期']
1551,"['违法', '使用', '民爆', '物品']"
1552,"['继续', '生产']"
1553,"['最终', '导致', '事故', '发生']"
1554,['违章作业']
1555,['吴利']
1556,"['联系', '负责人', '陈承佩']"
1557,"['申领', '民爆', '物品']"
1558,"['吴利采矿工段副工段', '长', '未认真']"
1559,"['如实', '记载', '领取', '领取', '人', '姓名']"
1560,"['正套', '孔', '作业', '卸', '民爆', '物品']"
1561,['宣']
1562,"['公司', '派遣', '风钻', '操作工', '卸', '炸药']"
1563,"['同时', '同地', '卸', '和', '雷管']"
1564,"['同时', '卸', '炸药', '雷管', '、', '装药', '使用', '钻机', '穿孔']"
1565,"['组织', '生产', '爆破作业']"
1566,"['程军', '不在', '岗位']"
1567,"['派出', '未', '持证', '押运员', '保安员']"
1568,"['服务', '活动']"
1569,"['公司', '超出', '省公安厅', '批准', '服务', '范围']"
1570,"['违规从事', '押运', '服务']"
1571,"['公司', '派驻', '龙头山', '仓库', '、', '张廷柱']"
1572,"['均', '未取得', '交通运输部门', '颁发', '从业', '资格证']"
1573,"['违规', '审批']"
1574,"['日常', '监管不力']"
1575,"['公安局', '含', '公安局', '河头派出所']"
1576,"['一是', '推行', '允许', '辖区', '派出所']"
1577,['做法']
1578,"['管理条例', '规定', '制度', '形同虚设']"
1579,"['造成', '无法', '定', '运输', '许可证']"
1580,"['运输', '包装材料']"
1581,"['未', '提交', '资格', '证明', '情况下']"
1582,"['违规', '核发', '运输', '许可证']"
1583,"['拟', '情况下']"
1584,"['违规', '核发', '爆炸', '物品', '购买', '许可证']"
1585,"['未采取有效措施', '及时发现', '制止', '下列', '违法行为']"
1586,"['未按规定', '落实', '登记', '制度', '行为']"
1587,"['时未', '携带', '运输', '许可证', '未采取有效措施', '及时发现', '行为']"
1588,"['沧州临港广通运输有限公司', '危险']"
1589,"['安全管理制度', '形同虚设']"
1590,"['所', '登记', '全部', '为']"
1591,"['对', '挂靠', '车辆', '未进行', '安全教育培训']"
1592,"['致使', '长期存在', '重大安全隐患']"
1593,"['落实', '不到位']"
1594,"['安全教育培训', '不力']"
1595,"['对', '肇事', '客车', '管理', '不到位']"
1596,['行驶']
1597,"['车辆', '使用', '安全管理', '不到位']"
1598,"['济南泽群机械制造有限公司', '未取得', '强制性', '产品认证']"
1599,"['非法', '生产', '并', '销售', '货车', '罐体']"
1600,['济南鲁联集团专用汽车有限公司']
1601,"['租借', '以本', '公司', '名义', '生产']"
1602,"['没有', '取得', '强制性', '产品认证']"
1603,"['违法', '生产', '货车', '罐体']"
1604,"['容积', '大于', '公告', '要求', '容积']"
1605,"['属', '大罐', '小标']"
1606,"['违规', '销售', '罐式', '货车']"
1607,"['违规', '提供', '整车', '合格证', '开具', '销售', '发票']"
1608,"['违法', '出具', '合格', '报告']"
1609,"['在', '未对', '罐体', '容积', '情况下']"
1610,"['违规', '出具', '容积', '符合要求', '虚假', '报告']"
1611,"['山东华星石油化工集团有限公司', '履行', '货物', '充装']"
1612,"['管理人员', '不具备', '从业', '资格']"
1613,"['未严格', '落实', '化学品', '充装', '查验', '制度']"
1614,"['充装', '汽油']"
1615,"['荣乌高速公路莱州管理处', '履行', '职责', '不力']"
1616,"['天气', '巡查']"
1617,"['工作', '开展', '不力', '针对性', '不强']"
1618,"['未及时', '开展', '除雪', '除冰']"
1619,"['处置', '不到位']"
1620,"['巡逻', '发现', '结冰', '情况']"
1621,"['未及时', '采取有效', '处置', '措施']"
1622,"['提醒', '警示', '过往', '车辆']"
1623,"['防范', '不到位']"
1624,"['部门', '履行', '职责', '不到位']"
1625,"['落实', '督促检查', '不到位']"
1626,"['质量技术监督局', '履行', '监管', '职责', '不到位']"
1627,"['未发现', '生产', '生产', '货车', '罐体']"
1628,"['工商所', '履行', '监管', '职责', '不到位']"
1629,"['未发现', '没有', '罐体', '问题']"
1630,"['质量技术监督局', '履行', '职责', '不到位']"
1631,"['未发现', '出具', '报告', '问题']"
1632,"['管理处', '履行', '职责', '不到位']"
1633,"['未开展', '检查', '工作']"
1634,"['责任心', '不强']"
1635,"['不够', '完善', '工作', '存在', '漏洞']"
1636,"['防撞', '施工', '不符合', '相关', '技术标准']"
1637,"['主管部门', '作为', '运输', '负有', '安全监督管理职责', '部门']"
1638,"['未严格执行', '危险', '条', '规定']"
1639,"['履行', '许可证', '核发']"
1640,"['职责', '不力']"
1641,"['未严格执行', '危险', '第三项', '规定']"
1642,"['履行', '职责', '不力']"
1643,"['部门', '未严格执行', '第三条', '规定']"
1644,"['未严格', '履行', '监管', '职责']"
1645,"['未按规定', '配备', '违规行为', '失察']"
1646,"['未按规定', '提取', '使用', '安全生产', '专项经费']"
1647,"['未认真', '开展', '押运员', '安全教育']"
1648,"['未按规定', '开展', '应急', '演练']"
1649,"['问题', '监管不力']"
1650,"['瑞安市道路运输管理局', '未认真履行', '监管', '职责']"
1651,"['三款', '规定']"
1652,"['未按规定', '配备', '监控', '人员']"
1653,"['动态', '监管']"
1654,"['违规行为', '监管不力']"
1655,['未按规定']
1656,"['第五十三条', '规定']"
1657,"['具体实施', '危险', '工作', '监督管理不力']"
1658,"['组织', '开展', '专项', '治理', '不彻底']"
1659,"['运输', '管理局']"
1660,"['换证', '审批把关不严']"
1661,"['办法', '试行', '第一款', '规定']"
1662,"['货物运输', '经营', '换证', '把关不严']"
1663,"['存在', '换证', '条件', '情况下', '同意']"
1664,"['指导', '监督不力']"
1665,"['在', '指导', '动态', '监督管理']"
1666,"['瑞安市道路运输管理局', '履行', '监管', '职责', '不力', '失察']"
1667,"['安全检查', '开展', '不', '实']"
1668,"['开展', '大', '检查时']"
1669,"['瑞阳运输公司', '存在', '相关', '违规行为', '未认真', '排查']"
1670,"['温州市', '交通运输局']"
1671,"['指导', '督促', '瑞安市', '交通运输局', '履行', '安全管理', '职责']"
1672,"['明显', '存在', '未认真', '督查']"
1673,"['二', '公安机关']"
1674,"['公安局', '交警大队']"
1675,"['未严格执行', '危险', '第三十一条', '规定']"
1676,"['记录', '检查和', '处理']"
1677,"['监督', '情况', '不到位']"
1678,"['瑞安市', '公安局']"
1679,"['未认真履行', '危险', '管理', '职责']"
1680,"['督促', '指导', '公安局', '交警大队']"
1681,"['公安局', '交通管理局']"
1682,"['履行', '监管', '职责', '督促', '指导', '不到位']"
1683,"['台州', '支队']"
1684,"['运输', '车辆', '超速行驶', '不到位']"
1685,"['管理', '部门']"
1686,"['公路', '管理局']"
1687,"['主要', '问题']"
1688,"['瑞安市', '玉海街道办事处']"
1689,"['第三款', '规定']"
1690,"['危险', '货物', '安全监管', '不到位']"
1691,"['瑞安市', '政府']"
1692,"['牢固', '树立', '发展', '理念']"
1693,"['第二款', '规定']"
1694,"['未有效', '督促', '部门', '开展', '安全监管', '工作']"
1695,"['瑞安', '市委']"
1696,"['组织', '推动', '履行', '责任', '不到位']"
1697,"['高XX', '安全意识淡薄']"
1698,"['忽视', '安全', '规定']"
1699,"['贸然', '进入', '运行', '区域']"
1700,"['伤害', '造成', '事故']"
1701,"['没有', '指定', '专职安全管理人员']"
1702,"['存在', '进行', '协调', '管理']"
1703,"['致使', '随意', '进入', '车辆', '作业区']"
1704,"['配备', '不完善']"
1705,"['卸盐', '噪音', '较大']"
1706,"['发生', '时']"
1707,"['所', '发出', '呼救信号', '受到', '其', '影响']"
1708,"['不易', '发觉']"
1709,"['培训', '不规范']"
1710,"['没有', '预判']"
1711,"['作业时', '忽视', '瞭望']"
1712,"['风险意识', '淡薄']"
1713,"['车辆', '无', '运输', '资质']"
1714,"['驾驶员', '无', '运输', '资质']"
1715,"['货物', '混装']"
1716,"['张刚', '没有', '委托', '具备', '单位']"
1717,"['实际', '负责', '运输', '车辆']"
1718,"['也', '没有', '注册', '运输', '资质']"
1719,"['委托', '运输', '没有']"
1720,"['进行', '运输']"
1721,"['没有', '注意']"
1722,"['导致', '塑料桶', '发生', '破裂']"
1723,"['单位', '未在', '上', '张贴', '安全', '标签']"
1724,"['也', '没有', '附带', '技术', '说明书']"
1725,"['人员', '实施', '救援', '带来', '困难']"
1726,"['违法', '经营']"
1727,"['产品', '卖', '经营', '资质']"
1728,"['张刚', '所在', '虽然', '有', '经营', '许可证']"
1729,"['不', '含', '这个', '经营项目']"
1730,"['李明多', '安全意识淡薄']"
1731,"['驾驶', '超过', '核定', '载', '质量']"
1732,"['在', '发现', '情况']"
1733,"['违规', '进行', '倒车']"
1734,"['技能', '缺乏']"
1735,"['在', '增驾']"
1736,"['准确', '掌握', '行车', '路线']"
1737,"['缺乏', '安全', '知识']"
1738,"['口', '没有', '预先', '进行', '处置']"
1739,"['责任', '履行', '不严格']"
1740,"['审查', '把关不严']"
1741,"['管理', '松散']"
1742,"['昭通市嘉信物流有限公司', '执行', '规定', '不严格']"
1743,"['隐患排查治理', '流于形式']"
1744,"['缺乏', '和', '检查']"
1745,"['车辆', '在', '高速公路', '通行']"
1746,"['进行', '和', '处置']"
1747,"['标示', '不足']"
1748,"['不', '确实']"
1749,"['不', '熟']"
1750,"['规定', '安全生产', '条件', '自然人']"
1751,"['安全生产', '职责']"
1752,"['也', '未履行', '安全管理', '职责']"
1753,"['治理', '不到位']"
1754,"['未及时发现', '并', '消除', '事故隐患']"
1755,"['公司', '安排', '承担', '管理人员', '职责']"
1756,"['但是', '未履行', '管理', '职责']"
1757,"['落实', '不到位', '情况下']"
1758,"['人员', '进行', '货物', '装卸']"
1759,"['没有', '开展', '日常', '检查']"
1760,"['没有', '排查', '卸料', '软管']"
1761,"['没有', '提出', '改进', '建议']"
1762,"['组织', '制定', '实施', '安全生产', '操作规程']"
1763,"['未', '遵守', '危险', '组织', '危险', '装卸', '作业']"
1764,"['安排', '开展', '工作']"
1765,"['未组织', '开展', '事故隐患排查', '有效', '消除', '事故隐患']"
1766,"['未及时', '备齐', '随车携带', '卸料', '管']"
1767,"['未按照', '专管', '专用', '要求']"
1768,"['未及时', '完善']"
1769,"['导致', '带', '违规操作', '普遍存在']"
1770,"['未严格', '落实', '安全生产', '主体责任']"
1771,['安全管理混乱']
1772,"['危险', '危险', '不', '知悉']"
1773,"['不具备', '处理', '能力', '进行', '清洗', '作业']"
1774,['违反规定']
1775,"['在', '不具有', '处理', '能力', '进行', '清洗', '作业']"
1776,"['违反', '安全', '要求']"
1777,"['辨识', '不全']"
1778,"['设施', '缺失']"
1779,"['进行', '清罐', '作业']"
1780,"['没有', '考虑', '防范']"
1781,"['且', '灌装', '区', '通风', '不畅']"
1782,"['没有', '设置', '有害', '气体']"
1783,"['现场', '安全管理混乱']"
1784,"['管理', '存在', '现象']"
1785,"['人员', '纳入', '本', '企业安全管理体系']"
1786,"['允许', '灌装']"
1787,"['进入', '厂区', '监督管理', '不到位']"
1788,"['是否', '有', '残留物', '进行', '管控']"
1789,"['罐体', '残留', '硫化钠', '情况', '失察']"
1790,"['违章作业', '违反', '劳动纪律']"
1791,"['应', '有人']"
1792,"['事故', '发生', '在', '进行', '灌装', '作业']"
1793,['打瞌睡']
1794,"['台账', '记录不全']"
1795,"['有', '漏记', '现象']"
1796,"['设施', '不完备']"
1797,"['地面', '未进行', '技术', '处理']"
1798,"['废水', '进入', '同一', '沟槽']"
1799,"['应急', '处置', '能力差']"
1800,"['对', '作业', '人员']"
1801,"['应急救援', '迟缓']"
1802,"['企业', '违法违规']"
1803,"['落实', '主体责任', '不力']"
1804,"['安全管理制度', '落实', '不力', '未检查', '核对', '运输车']"
1805,"['绵阳正美公司', '未检查', '核对']"
1806,"['硫化钠', '委托', '公司', '承运']"
1807,"['未依法', '取得', '运输', '许可', '擅自', '从事', '道路', '运输']"
1808,"['安排', '危险', '货物']"
1809,"['安排', '不', '符合条件']"
1810,"['劳动纪律', '涣散']"
1811,"['基本素质', '不适应', '生产', '企业', '需要']"
1812,"['、', '管委会']"
1813,"['落实', '暂行规定', '不到位']"
1814,"['意识', '不牢固']"
1815,"['意识', '不强']"
1816,"['强调', '得', '多']"
1817,"['研究', '不够']"
1818,"['措施', '不具体']"
1819,"['处罚', '制止']"
1820,"['负有', '监管', '责任']"
1821,"['负有', '未认真', '履职']"
1822,"['督促', '贯彻落实', '政策', '法律法规']"
1823,['达州经开区经发局']
1824,"['负责', '安全生产', '管理工作']"
1825,"['落实', '必须', '管', '规定', '不到位']"
1826,"['督促', '依法', '进行', '管理', '不到位']"
1827,"['调查', '发现']"
1828,"['应急预案', '不完善']"
1829,"['有毒气体', '伤害', '措施', '缺失']"
1830,"['未发现', '问题']"
1831,"['平台', '不具备', '清洗', '违规', '清洗']"
1832,"['人员', '违反', '未发现']"
1833,"['月', '以来']"
1834,"['公司', '业务', '外包', '以包代管', '问题', '失察']"
1835,"['存在', '失职', '失责']"
1836,"['经开区', '安全监管局']"
1837,"['负责', '监督管理', '工作']"
1838,"['督促', '贯彻落实', '法规', '不到位']"
1839,"['瓮福达州公司', '危险', '监管', '不到位']"
1840,"['瓮福达州公司', '制定', '不细致']"
1841,"['未发现', '管理制度', '漏洞']"
1842,"['检查', '未做到', '全', '覆盖']"
1843,"['检查', '缺失']"
1844,"['而', '引发', '事故']"
1845,"['市住建局', '经开', '分局']"
1846,"['负责', '执法', '工作']"
1847,"['督促', '从事', '运输', '业务']"
1848,"['对', '从事', '货物运输', '业务']"
1849,"['公司', '使用', '标识', '危化']"
1850,"['装运', '硫化钠', '未发现']"
1851,"['环保局', '经开', '分局']"
1852,"['负责', '监察', '工作']"
1853,"['督促', '贯彻落实', '环境保护', '法律法规']"
1854,"['长期', '违规', '和', '处罚']"
1855,"['收集', '监管', '缺失']"
1856,"['深刻', '汲取', '事故', '教训']"
1857,"['安全生产', '主体责任']"
1858,"['整改措施', '落实', '不到位']"
1859,"['没有', '从根本上', '查找', '问题']"
1860,"['彻底消除', '设备', '存在']"
1861,"['继续', '让', '设备']"
1862,"['企业', '安全意识淡薄']"
1863,"['整改', '落实', '不彻底']"
1864,"['制度', '执行', '不到位']"
1865,"['未按规定', '履行', '隐患排查', '责任']"
1866,"['安全管理制度', '落实', '不到位']"
1867,['融汇化工']
1868,"['未按照规定', '采取', '和', '隐患整改']"
1869,"['上报', '事故隐患']"
1870,"['体系', '不完善']"
1871,"['融汇化工', '存在', '不到位', '监管', '失察']"
1872,"['融汇化工', '汲取', '事故', '教训']"
1873,"['落实', '和', '整改措施']"
1874,['延安市']
1875,"['进行', '维护', '保养']"
1876,"['使用', '具有', '、', '机件']"
1877,['平时']
1878,['违规操作']
1879,"['徐世平', '既是', '又', '是']"
1880,"['安全管理', '存在', '重大', '缺陷']"
1881,"['安全意识', '薄弱']"
1882,"['教育', '未认真执行']"
1883,"['进行', '物品', '管理']"
1884,['炸药']
1885,"['岗前培训', '流于形式']"
1886,"['一起', '进入', '隧道']"
1887,"['非专业', '运送', '炸药', '车辆']"
1888,"['内', '未设置', '存放', '炸药', '专门', '保险柜']"
1889,"['未', '运送', '发生爆炸']"
1890,"['管理', '不当']"
1891,"['机械设备', '使用', '混乱']"
1892,"['主体责任', '未落实']"
1893,"['未建立', '健全', '安全生产', '责任制']"
1894,"['未组织', '制定', '未组织', '制定', '实施', '培训', '计划']"
1895,"['治理', '制度']"
1896,"['费用', '提取', '使用', '计划']"
1897,"['未按照规定', '制定', '生产安全事故', '应急救援预案']"
1898,"['许祖坚', '未取得', '能力', '考核', '合格证书']"
1899,"['没有', '相关', '记录']"
1900,"['没有', '严格执行', '操作规程']"
1901,"['对', '培训', '不到位']"
1902,"['充装', '充装', '监督管理', '不到位']"
1903,"['上', '存在', '死角']"
1904,"['没有', '驾驶员', '出车']"
1905,"['防范措施', '落实', '不到位']"
1906,"['进行', '防范措施', '教育', '存在', '空缺']"
1907,"['没有', '真正', '使', '广大', '驾驶员']"
1908,"['没有', '管理', '办法']"
1909,"['派遣', '牛', '时']"
1910,"['没有', '相关', '规定']"
1911,"['重', '生产', '还', '根深蒂固']"
1912,"['该起事故', '涉及', '均', '是']"
1913,"['是', '第一次', '装运', '一甲胺']"
1914,"['未', '给予', '和', '培训']"
1915,"['司机', '缺乏', '运送', '有害', '危险品', '安全', '知识']"
1916,"['贵溪农药厂', '未按', '管理', '标准', '制订', '运输', '安全措施']"
1917,"['没有', '个体户', '谢某']"
1918,"['没有', '交待']"
1919,"['没有', '发给', '防护', '用具']"
1920,"['组织', '混乱']"
1921,"['现场', '没有', '卸货', '点']"
1922,"['随意', '停靠', '卸货']"
1923,"['现场', '交叉作业']"
1924,"['未', '看到', '有人', '进行', '、', '指挥']"
1925,"['随意', '占用', '人行', '通道']"
1926,"['在', '通道', '堵塞']"
1927,"['无人', '疏导', '通道']"
1928,"['应', '进行', '现场', '分析']"
1929,"['无人', '监督', '检查和', '指挥']"
1930,"['培训', '不够']"
1931,"['安全意识', '低下']"
1932,"['内', '可能', '风险']"
1933,"['没有', '重视']"
1934,['体现']
1935,"['冒险', '通过']"
1936,"['司机', '没有', '操作', '规范']"
1937,"['作业', '完毕']"
1938,"['没有', '货叉', '接触', '或平']"
1939,"['对', '制度', '执行', '不力']"
1940,"['缺乏', '有效', '监督']"
1941,"['张某', '没有', '严格执行', '操作规程']"
1942,"['厂区', '不得', '贯彻', '不严格']"
1943,"['县政府', '批复', '同意']"
1944,"['却', '在', '部门', '批准', '情况下']"
1945,"['即', '组织', '生产', '活动']"
1946,"['领导', '干扰', '正常', '执法']"
1947,"['部门', '对', '屡次', '检查', '查封', '工作']"
1948,"['忙于', '保卫工作', '而', '未将']"
1949,"['致使', '及时', '落实']"
1950,"['工商部门', '放弃', '管理']"
1951,"['只', '收税']"
1952,"['都', '流于形式']"
1953,"['办理', '检修', '手续']"
1954,['清洗']
1955,"['分析', '气体', '浓度']"
1956,"['动火', '采取', '内部', '充满', '或', '液体', '措施']"
1957,"['办理', '操作', '票']"
1958,"['管理人员', '及时发现', '并', '制止', '违章作业']"
1959,"['既', '未配置', '未', '配发', '员工', '劳动防护用品']"
1960,"['又', '未制订', '技术', '操作规程']"
1961,"['更', '缺乏', '进行', '上岗', '培训']"
1962,"['使', '长期', '无证上岗']"
1963,"['单位', '生产', '现场', '安全管理', '不到位']"
1964,"['主管人员', '缺乏', '日常安全检查']"
1965,"['且', '存在', '不合理', '现象']"
1966,"['门口', '缺少', '安全警示标志']"
1967,"['十分', '淡薄']"
1968,['认识']
1969,['鲁']
1970,"['公司', '规定']"
1971,"['致使', '安全意识淡薄']"
1972,"['公司', '规定', '修整', '车辆']"
1973,"['不具备', '维修', '危化品', '油罐车']"
1974,"['开展', '不到位']"
1975,"['未及时发现', '处理', '非法经营', '店铺']"
1976,"['查处', '不彻底']"
1977,"['维修', '管理所', '负责', '机动车', '维修', '及', '管理工作']"
1978,['也']
1979,"['周村恒通维修部', '不具备', '危险', '清罐', '条件']"
1980,"['超范围', '经营', '清罐', '业务']"
1981,"['陈林', '指使', '不具备', '和', '能力', '孔令滨']"
1982,"['对', '从业人员', '安全教育培训']"
1983,"['未建立', '安全操作规程']"
1984,"['规定', '不明确']"
1985,['未尽']
1986,"['组织', '不合理']"
1987,['夏季']
1988,"['没有', '或', '不健全']"
1989,"['没有', '不认真', '实施', '事故防范措施']"
1990,"['事故隐患', '整改不力']"
1991,"['一是', '违反', '民用爆炸物品管理条例']"
1992,"['违法', '销售', '黑火药']"
1993,"['有限公司', '忽视', '挂靠', '安全管理']"
1994,"['挂靠', '运输', '黑火药']"
1995,"['企业', '履行', '监管', '职责', '不到位']"
1996,"['存在', '销售', '黑火药', '行为', '失察']"
1997,"['监控', '不力']"
1998,"['无有效', '购买', '手续', '情况下']"
1999,"['检查', '不严格']"
2000,"['已', '发现', '不到位']"
2001,"['被', '许可', '从事', '行政许可事项', '监督不力']"
2002,"['执行', '不严']"
2003,"['缺乏', '科学态度']"
2004,"['接卸', '管理制度', '不健全']"
2005,"['如何', '配备']"
2006,"['如何', '放置', '没有', '明确规定']"
2007,"['间距', '不符合规范要求']"
2008,['企业']
2009,"['没有', '严格执行', '规章制度']"
2010,"['罐车', '手续不全']"
2011,"['虽然', '有', '规定']"
2012,"['但', '未严格执行']"
2013,"['措施', '不到位']"
2014,"['及时', '督促', '企业', '解决', '突出', '问题']"
2015,"['车间', '属', '充装', '单位']"
2016,"['记录', '完整']"
2017,"['规章制度', '健全']"
2018,"['但', '落实', '不到位']"
2019,"['进行', '充装']"
2020,"['辆车', '通过', '交通部门', '培训']"
2021,"['并', '取得', '运输', '证']"
2022,"['却', '安排', '没有', '运输', '证', '车运输', '黄磷']"
2023,"['梁守柱', '未按规定', '参加', '安全生产', '培训']"
2024,"['不具备', '经营', '管理', '能力']"
2025,"['不遵守', '单位', '安全管理制度']"
2026,"['违反', '操作规程']"
2027,"['未经', '设立', '安全', '审查']"
2028,"['工程', '管理混乱']"
2029,"['安全监管部门', '停止', '停止', '试车', '监管', '指令']"
2030,"['违法', '运输', '储存', '危险', '化学品']"
2031,"['万江金广货运', '术', '开展', '相关', '工作']"
2032,"['一是', '未建立', '落实', '安全生产', '管理制度']"
2033,"['包括', '安全生产', '管理制度']"
2034,['万江金广货运']
2035,"['货物', '进行', '任何', '查验']"
2036,"['在', '货物', '到达', '万江金广货运', '营业点']"
2037,"['也', '未对', '货物', '进行', '任何', '查验']"
2038,"['取得', '相关', '许可', '情况下']"
2039,"['装卸', '乙基', '酮']"
2040,"['酮', '放置', '直射', '下约个', '小时']"
2041,"['致使', '剧烈', '分解']"
2042,"['非法', '生产']"
2043,"['龙国球', '经营', '化工', '存在', '以下', '违法行为']"
2044,"['一是', '未取得']"
2045,"['擅自', '生产']"
2046,"['隐瞒', '危险', '特性']"
2047,"['随意', '运输', '流转']"
2048,"['陆景乾', '无证', '经营', '采光', '瓦厂']"
2049,"['陆景乾', '无证', ':', '一是', '注册', '登记']"
2050,"['无证照', '开办', '生产', '经营']"
2051,"['委托', '公司', '运输']"
2052,"['致使', '进行', '运输']"
2053,"['存在', '不', '配合', '情况']"
2054,"['定期', '开展', '检查']"
2055,"['化学品', '禁入', '检查', '存在', '漏洞']"
2056,"['安全监管责任', '不落实']"
2057,"['工作人员', '未按照', '检查', '委托', '运输', '货物']"
2058,"['分局', '存在', '货物', '配载', '危险', '货物']"
2059,"['尤其', '是', '车辆', '无', '许可']"
2060,"['调查组', '提供', '行业', '进行', '安全管理', '工作', '方案']"
2061,"['未及时发现', '企业', '存在', '无证']"
2062,"['该办', '不够', '全面']"
2063,"['非法', '生产', '存在', '盲点']"
2064,"['力度', '不足']"
2065,"['职责', '落实', '不到位']"
2066,"['取得', '工商', '营业执照', '未按照']"
2067,"['业务', '操作规程']"
2068,"['消防', '安全操作规程']"
2069,"['从业人员', '进行', '消防', '宣传教育']"
2070,"['长期', '超出', '范围', '从事', '危险', '货物', '运输', '代理']"
2071,"['所', '租用', '和', '条件']"
2072,"['驾驶员', '未取得', '从业', '资格']"
2073,"['所', '雇请', '相关', '培训']"
2074,"['未建立', '安全管理机构']"
2075,"['未配备', '安全管理人员']"
2076,"['公司', '名下', '和', '义务']"
2077,"['未发现', '制止', '行为']"
2078,"['非法', '储存', '危险', '化学品']"
2079,"['并', '使用', '非法', '改装', '不具备', '危险', '化学品']"
2080,"['委托', '给', '从事', '货物运输', '代理', '代理', '站']"
2081,['且']
2082,"['违规', '承接', '危险', '货物', '运输', '代理']"
2083,"['将', '销售', '不具备', '货物运输', '资质']"
2084,"['货物运输', '安全监管不力']"
2085,"['摸排', '不细']"
2086,"['未及时', '掌握', '友信快运八十四站', '未经']"
2087,['未及时发现']
2088,"['中队', '打击', '行为', '不力']"
2089,"['未能', '发现', '查处', '问题']"
2090,"['非法', '储存', '危险', '化学品', '打击', '不力']"
2091,"['长期', '租用', '民舍', '非法', '储存']"
2092,"['派出所', '开展', '监督', '检查', '不深入']"
2093,"['未及时发现', '员工', '进行', '问题']"
2094,"['办事处', '履行', '职责', '不力']"
2095,"['对', '隐患', '比较突出']"
2096,"['致使', '彻底', '得到', '和', '纠正']"
2097,"['安全生产', '大排查', '工作', '不深入']"
2098,"['政府', '履行', '职责', '不力']"
2099,"['打非', '工作', '不深入']"
2100,"['未及时发现', '长期', '租用', '民舍']"
2101,"['综合治理', '不力']"
2102,"['巡查', '排查', '不到位']"
2103,"['未发现', '社区', '存在']"
2104,"['未发现', '本村', '存在']"
2105,"['主体责任', '未得到', '落实']"
2106,"['邵阳市汽车运输总公司邵东物流分公司', '承运', '粗酚', '严重', '超载']"
2107,"['一车', '多证']"
2108,"['云南解化集团有限公司', '没有', '有关', '要求']"
2109,"['没有', '认真', '核对', '核载', '质量']"
2110,"['超量', '充装']"
2111,"['还', '存在', '薄弱环节']"
2112,"['没有', '给予', '高度重视']"
2113,"['福泉市永远发展运输有限公司', '无', '专用', '停车场']"
2114,"['达不到', '要求']"
2115,"['违反', '规定', '第八条', '第四项']"
2116,"['安排', 'J', '挂']"
2117,"['严重', '超载']"
2118,"['车辆', '违反规定', '路线', '行驶']"
2119,"['规避', '检查']"
2120,"['违规', '停放', '人口稠密']"
2121,"['停放', '无专人', '看守']"
2122,"['未采取', '安全防范措施']"
2123,"['监控', '形同虚设']"
2124,"['线路', '行驶', '及时', '纠正']"
2125,"['未认真', '审查', '技术', '条件']"
2126,"['超量', '装载', '炸药']"
2127,"['程序', '不合法']"
2128,"['福泉市运管所', '超越', '许可', '权限', '配发', '运输', '证']"
2129,"['且', '受理', '完成']"
2130,"['许可', '不具备', '技术', '条件', '车辆', '从事', '物品', '运输']"
2131,"['违反', '相关', '规定']"
2132,"['行政', '审核把关不严']"
2133,"['永远', '发展', '经营', '许可证', '时']"
2134,"['未认真', '审核', '、', '停车场']"
2135,"['物品', '审核把关不严']"
2136,"['违反规定', '运输', '许可证']"
2137,"['监管', '不利']"
2138,"['路线', '行驶']"
2139,"['安全监管', '缺失']"
2140,"['压力容器', '使用', '管理混乱']"
2141,"['投入使用', '从未', '进行', '检查']"
2142,"['充装', '违反规定']"
2143,"['充装', '前', '未进行', '检查']"
2144,"['充装', '没有', '进行', '称重']"
2145,"['充装', '没有', '记录']"
2146,"['未到', '办理', '运输', '许可证']"
2147,"['未', '遵守', '严禁', '危险品', '运输', '规定']"
2148,['管理混乱']
2149,"['领导', '无视', '有关', '规定']"
2150,"['未经', '全面', '检验']"
2151,"['盲目', '投入使用']"
2152,"['长期', '不进行', '装置', '失灵', '没有']"
2153,"['扶沟县化肥厂', '没有', '国家', '颁布', '监察', '规程']"
2154,"['购买', '使用', '压力容器']"
2155,"['装备', '未经', '安全', '检测']"
2156,['喷溅']
2157,"['擅自', '变更', '、', '图纸']"
2158,"['操作', '不规范']"
2159,"['没有', '穿戴', '、', '防护眼镜']"
2160,"['工作', '环境恶劣']"
2161,"['照明', '差']"
2162,"['未', '远离', '现场']"
2163,"['缺乏', '急救', '常识']"
2164,"['片面追求', '经济效益']"
2165,"['忽视', '安全生产']"
2166,"['没有', '和', '管理制度']"
2167,"['、', '库房']"
2168,"['未', '分开']"
2169,"['根本', '不符合', '要求']"
2170,"['罐车', '提供不出', '颁发', '罐车', '准驾证']"
2171,"['参数', '不符']"
2172,"['后经', '查实']"
2173,"['卢某', '没有']"
2174,"['没有', '登记']"
2175,"['六证', '不全']"
2176,"['罐车', '为']"
2177,"['不具有', '液氨', '资质']"
2178,"['充装', '不具备', '充装', '条件']"
2179,"['充装', '站', '充装']"
2180,"['没有', '计量', '装置']"
2181,"['没有', '监测', '报警装置']"
2182,"['没有', '安装', '气体']"
2183,"['安全措施', '不到位']"
2184,"['没有', '认真', '审查', '是否', '具有', '情况下']"
2185,"['充装', '液氨']"
2186,"['自我', '保护', '能力差']"
2187,"['车主', '是']"
2188,"['由于', '没有', '培训', '教育']"
2189,"['认识', '不足']"
2190,"['事故', '发生', '采取相应', '措施', '保护', '自己']"
2191,"['化肥厂', '充装', '站', '存在', '安全隐患']"
2192,"['加强', '运输', '管理']"
2193,"['坚决', '不予', '充装']"
2194,"['未按规定', '填写', '检查', '检查', '记录']"
2195,"['进行', '重点', '检查']"
2196,"['致使', '投入', '销售']"
2197,['认可']
2198,"['从事', '工作', '违反规定']"
2199,"['应', '分流']"
2200,"['可是', '没有', '分流', '彻底']"
2201,"['安全管理', '松懈']"
2202,"['两辆', '肇事', '严重', '超载']"
2203,"['司机', '疲劳', '驾驶']"
2204,"['引发', '事故']"
2205,['暴露出']
2206,"['严重', '不到位']"
2207,"['单位', '没有', '国家', '严禁', '有关', '规定']"
2208,"['严重', '超装']"
2209,"['埋下', '重大', '事故隐患']"
2210,"['安全监管', '存在', '漏洞']"
2211,"['对', '取得', '相关', '许可', '还', '亟待']"
2212,"['非法', '营运', '化学品', '苯']"
2213,"['不', '包括', '营运', '危险品']"
2214,"['部门', '核发', '经营', '许可证', '后']"
2215,"['公司', '未按规定', '办理', '经营范围']"
2216,"['私自', '营运', '危险', '化学品']"
2217,"['没有', '按规定', '安全管理', '部门']"
2218,"['公司', '成立', '后']"
2219,"['对', '从事']"
2220,"['从未', '组织', '和', '教育']"
2221,"['专业知识', '甚少']"
2222,"['极为', '混乱']"
2223,"['虽然', '制定', '安全生产', '规章制度']"
2224,"['未能', '严格执行']"
2225,['流于形式']
2226,"['槽', '罐']"
2227,"['制造', '不规范']"
2228,['是']
2229,"['部门', '有', '明确规定']"
2230,['要']
2231,"['达到', '标准']"
2232,"['经检测', '认定', '可']"
2233,['据调查']
2234,"['罐', '是', '联系']"
2235,"['质量', '不符合规定', '标准']"
2236,"['一是', '山东金兰现代物流发展有限公司', '经营', '许可证']"
2237,"['实际', '从事', '储存', '活动']"
2238,"['尚未', '取得', '工商', '营业执照']"
2239,"['属', '非法经营']"
2240,"['且', '现场管理混乱']"
2241,"['卸下', '化学品', '堵塞', '唯一', '通道']"
2242,"['本身', '无', '货物运输', '资质']"
2243,"['却', '为', '危险', '货物']"
2244,"['驾驶员', '违反', '规定']"
2245,"['领导', '违反', '规定']"
2246,"['司机', '缺少', '经验']"
2247,"['贸然', '承运']"
2248,"['人员', '缺乏', '责任意识']"
2249,"['违章', '装货']"
2250,"['货主', '未按', '有关', '规定', '办理', '申报', '手续']"
2251,"['装货', '码头']"
2252,"['在', '情况下']"
2253,"['擅自', '进行', '装卸', '作业']"
2254,"['而且', '违反', '安全管理', '规定']"
2255,"['未', '见到', '申报', '手续', '纯苯装', '上', '船']"
2256,"['违法', '运输']"
2257,"['根据', '有关', '规定']"
2258,"['凡', '装运', '易燃', '液体', '应', '申请', '船检']"
2259,"['经', '检验', '合格']"
2260,"['才准', '办理', '装载', '手续']"
2261,"['核准', '只能', '装载', '三级', '油类']"
2262,"['而', '纯苯为', '易燃', '液体']"
2263,"['该轮', '不具备']"
2264,"['属', '违章', '载运']"
2265,['应急救援预案']
2266,"['监护', '措施不力']"
2267,"['擅自', '脱离', '工作岗位']"
2268,"['在', '发现', '酒精', '泄漏', '也', '未采取', '正确', '方法']"
2269,"['为了', '节约', '少量', '酒精', '竟然', '采取', '操作方法']"
2270,"['不当', '产生', '火源']"
2271,"['引燃', '酒精']"
2272,['同时']
2273,"['公司', '花', '巨资', '只能', '停放在', '露天']"
2274,"['不能', '采取任何', '保温', '措施']"
2275,"['管理人员', '怕', '冻坏', '水罐']"
2276,"['在', '发生', '火灾', '到场', '及时', '展开', '扑救']"
2277,"['又', '加大', '火灾事故', '造成', '损失']"
2278,['未经许可']
2279,['经']
2280,"['公司', '未办', '充装', '手续']"
2281,"['自行', '充装', '液氨']"
2282,"['过程', '违反', '有关', '规定']"
2283,"['一方面', '这批', '附件', '不全']"
2284,"['全部', '没有', '防震', '胶圈']"
2285,"['降低', '撞击', '能力']"
2286,"['没', '横置', '摆放']"
2287,['横放']
2288,"['一排', '有', '两瓶', '横放']"
2289,"['直立', '在']"
2290,"['未加以', '妥善']"
2291,"['时立', '钢瓶', '发生']"
2292,"['严重', '违反', '安全', '规定']"
2293,"['、', '混运']"
2294,"['违反', '安全', '规定']"
2295,"['不按规定', '收集']"
2296,"['未执行', '人工']"
2297,"['致使', '运输量']"
2298,"['扩大', '事故', '损失']"
2299,"['七宝山烟花材料厂', '违反', '民用爆炸物品管理条例']"
2300,"['主动', '联系', '股东', '周科生']"
2301,"['未办理', '物品', '购买证', '购买', '黑火药']"
2302,"['并未', '查验', '购买证', '即予', '发货']"
2303,"['致使', '扩大']"
2304,"['事前', '未办', '危险品', '准运证']"
2305,"['押运员', '未进行', '安全卫生', '培训']"
2306,"['未尽', '职责', '兼任']"
2307,"['部门', '所为']"
2308,"['后', '存在', '隐患']"
2309,"['危险品', '罐', '车开进', '村镇']"
2310,"['而', '强行通过', '\\', '系未', '受到', '情况下']"
2311,"['部门', '未进行', '审查']"
2312,"['就', '签发', '准运证']"
2313,"['违法', '包装']"
2314,"['违规', '装载']"
2315,"['不合规', '引发', '静电']"
